<?xml version="1.0" encoding="UTF-8" ?>

<MWE_Annotation_COSI140_v.1.0>
<TEXT><![CDATA[text-1 reviews-003418-0001: Billing Issues...

text-2 reviews-003418-0002: I had a routine surgery for an ingrown toenail.

text-3 reviews-003418-0003: My insurance company, Blue Cross/Blue Shield paid the fees and everything was fine.

text-4 reviews-003418-0004: Then I got a bill for $483.00.

text-5 reviews-003418-0005: The doctor's office said that payments had been "reversed".

text-6 reviews-003418-0006: Blue cross has no record of aa reversal.

text-7 reviews-003418-0007: The office refused my requests to see what they got from BC/BS.

text-8 reviews-003418-0008: They eventually turned it over to a collection agency and now will not even discuss the matter.

text-9 reviews-003418-0009: I eventually decided to just pay the balance even though the doctor has already been paid, but now the collection agency is trying to say another reversal of $160.00 has come through.

text-10 reviews-003418-0010: It was an ingrown toenail.

text-11 reviews-003418-0011: How much could it possibly cost?

text-12 reviews-003418-0012: Not only am I being bilked for money I do not owe, the office staff is rude to boot.

text-13 reviews-003418-0013: I think this office has some serious billing practice issues!

text-14 reviews-004540-0001: They really go above and beyond!

text-15 reviews-004540-0002: For example, I actually forgot to feed my cat, and they went out of their way to take care of him.

text-16 reviews-004540-0003: Additionally, when there was confusion (my fault), they left me flowers along with a personalized gift.

text-17 reviews-004540-0004: They have been 100% reliable and professional.

text-18 reviews-004540-0005: Definitely recommend!

text-19 reviews-004574-0001: Over-rated...

text-20 reviews-004574-0002: This restaurant is over-rated.

]]></TEXT>
<TAGS>
<FIXED id="F0" spans="174~196" text="Blue Cross/Blue Shield"  />
<FIXED id="F1" spans="414~424" text="Blue cross"  />
<FIXED id="F2" spans="747~758" text="even though"  />
<FIXED id="F3" spans="1112~1119" text="to boot"  />
<SEMI_FIXED id="S0" spans="613~630" text="collection agency"  />
<SEMI_FIXED id="S1" spans="805~822" text="collection agency"  />
<SEMI_FIXED id="S2" spans="1362~1383" text="went out of their way"  />
<SEMI_FIXED id="S3" spans="872~884" text="come through"  />
<FLEXIBLE id="FL0" spans="1255~1274" text="go above and beyond"  />
<FLEXIBLE id="FL1" spans="593~599,603~607" text="turned ... over"  />
<FLEXIBLE id="FL2" spans="1387~1399" text="take care of"  />
</TAGS>
</MWE_Annotation_COSI140_v.1.0>