<?xml version="1.0" encoding="UTF-8" ?>

<MWE_Annotation_COSI140_v.1.0>
<TEXT><![CDATA[text-181 reviews-018548-0005: also, you can call em ahead of time, and then go to pick up ur food, or have it delivered**.

text-182 reviews-018548-0006: that cuts down on teh wait time, cus u can do other stuff while ur waiting.

text-183 reviews-018548-0007: it usually takes 20mins for a mezza luna, as they have to add pure delicious extract to the mix.

text-184 reviews-018548-0008: their pizza was a little salty for me, but its still good.

text-185 reviews-018548-0009: they do that whole thing where you sandwich the pepperoni between layers of cheese for +32 delicious.

text-186 reviews-018548-0010: anyways, the mezza luna: you should try it.

text-187 reviews-018548-0011: it runs you about 4 bucks and it deals crushing blows to hunger.

text-188 reviews-018548-0012: **Edit: Living on campus at Clarkson University, I have had food delivered before.

text-189 reviews-018548-0013: This was back between '05 and '09 and I don't remember how many times we've had it delivered.

text-190 reviews-018548-0014: Perhaps they don't deliver anymore, but the deliciousness of a mezza luna certainly warrants a pickup.

text-191 reviews-018562-0001: Great Job

text-192 reviews-018562-0002: I want to say that Mike did a great job for our family in our time of need.

text-193 reviews-018562-0003: Both my grandparents passed away 4 months apart and Mike was very understanding.

text-194 reviews-018562-0004: It was a very trying time for my family and myself yet Mike took the time to greet each and everyone one of us.

text-195 reviews-018562-0005: He is very professional in his position as a director and yet he still  made time to be compassionate for what we were all going through.

text-196 reviews-018562-0006: I'm sure its not everyday that a funeral director sees the same family in such a short time.

text-197 reviews-018562-0007: My grandfather passed away silently in his sleep, and my grandmother passed away after a short struggle with cancer.

text-198 reviews-018562-0008: Both my grandparents looked as natural as could be expected.

text-199 reviews-018562-0009: Thank you Mike for all your help professionally and personally.

text-200 reviews-018562-0010: The Peterson Family

]]></TEXT>
<TAGS>
<FIXED id="F0" spans="52~65" text="ahead of time"  />
<FIXED id="F1" spans="811~830" text="Clarkson University"  />
<FIXED id="F2" spans="1498~1516" text=" each and everyone"  />
<FIXED id="F3" spans="2091~2100" text="Thank you"  />
<FIXED id="F4" spans="2186~2205,2206~2207" text="The Peterson Family  "  />
<FIXED id="F5" spans="1156~1165" text="Great Job"  />
<FIXED id="F6" spans="952~960" text="how many"  />
<FIXED id="F7" spans="405~413" text="a little"  />
<SEMI_FIXED id="S0" spans="176~185" text="wait time"  />
<SEMI_FIXED id="S1" spans="291~301" text="mezza luna"  />
<SEMI_FIXED id="S2" spans="159~171" text="cuts down on"  />
<SEMI_FIXED id="S3" spans="625~635" text="mezza luna"  />
<SEMI_FIXED id="S4" spans="1085~1095" text="mezza luna"  />
<SEMI_FIXED id="S5" spans="1259~1271" text="time of need"  />
<SEMI_FIXED id="S6" spans="1325~1336" text="passed away"  />
<SEMI_FIXED id="S7" spans="1430~1441" text="trying time"  />
<SEMI_FIXED id="S8" spans="1760~1776" text="funeral director"  />
<SEMI_FIXED id="S9" spans="1866~1877" text="passed away"  />
<SEMI_FIXED id="S10" spans="1920~1931" text="passed away"  />
<SEMI_FIXED id="S12" spans="1681~1694" text="going through"  />
<SEMI_FIXED id="S13" spans="311~318" text="have to"  />
<FLEXIBLE id="FL1" spans="102~106,110~119" text="have ... delivered"  />
<FLEXIBLE id="FL2" spans="82~89" text="pick up"  />
<FLEXIBLE id="FL4" spans="1221~1224,1233~1236" text="did ... job"  />
<FLEXIBLE id="FL0" spans="1476~1480,1485~1489" text="took ... time"  />
<FLEXIBLE id="FL3" spans="1630~1639" text="made time"  />
<FLEXIBLE id="FL5" spans="839~842,848~857" text="had ... delivered"  />
<FLEXIBLE id="FL6" spans="973~976,980~989" text="had ... delivered"  />
</TAGS>
</MWE_Annotation_COSI140_v.1.0>