<?xml version="1.0" encoding="UTF-8" ?>

<MWE_Annotation_COSI140_v.1.0>
<TEXT><![CDATA[text-201 reviews-020851-0001: The Best Deals in Town

text-202 reviews-020851-0002: Before you buy ANYTHING in NY, make sure you stop by Jack-s first.

text-203 reviews-020851-0003: Their selection is random, so what they have on a given week might never be available again at the store.

text-204 reviews-020851-0004: I love it for discounted beauty items and household appliances.

text-205 reviews-020851-0005: Trust me, you go there once and you-ll always go back!

text-206 reviews-020992-0001: Don't Expect Sleep or Courtesy

text-207 reviews-020992-0002: I was booked for 2 nights at this hotel in Oct 2007.

text-208 reviews-020992-0003: At 3:15 am on night #2, the fire alarm and strobe light activated in my room.

text-209 reviews-020992-0004: These are not household type alarms.

text-210 reviews-020992-0005: When they sound off, it is a true audio/visual experience.

text-211 reviews-020992-0006: I called the front desk and got no answer.

text-212 reviews-020992-0007: After checking for signs of fire or smoke and seeing none, I decided to just pack up and leave.

text-213 reviews-020992-0008: The desk agent actually argued with me, claiming that no such alarm had gone off (as if I would make that up?).

text-214 reviews-020992-0009: He finally admitted that only the 4 ADA room alarms had sounded, so only 4 guests were effected (no big deal to him).

text-215 reviews-020992-0010: This little drip offered no apologies whatsoever, and even refused to give me the name of the manager until I pressed him for it 3 times.

text-216 reviews-020992-0011: This hotel is adequate enough, but there is an obvious problem with the staff and management.

text-217 reviews-020992-0012: Do not go there if you expect to sleep through the night.

text-218 reviews-022461-0001: The best in the area!

text-219 reviews-022461-0002: I've been to quite a few tattoo shops around this area and Stainless Steel is by far the best.

text-220 reviews-022461-0003: I am very pleased with the tattoos that I revived from them.

]]></TEXT>
<TAGS>
<FIXED id="F2" spans="1168~1175" text="no such"  />
<FIXED id="F3" spans="1196~1201" text="as if"  />
<FIXED id="F4" spans="1354~1365" text="no big deal"  />
<FIXED id="F5" spans="1901~1916" text="Stainless Steel"  />
<FIXED id="F6" spans="1920~1926" text="by far"  />
<SEMI_FIXED id="S0" spans="857~880" text="audio/visual experience"  />
<SEMI_FIXED id="S1" spans="926~936" text="front desk"  />
<SEMI_FIXED id="S2" spans="129~136" text="stop by"  />
<SEMI_FIXED id="S3" spans="344~356" text="beauty items"  />
<SEMI_FIXED id="S4" spans="361~381" text="household appliances"  />
<SEMI_FIXED id="S5" spans="460~467" text="go back"  />
<SEMI_FIXED id="S6" spans="833~842" text="sound off"  />
<SEMI_FIXED id="S7" spans="1064~1071" text="pack up"  />
<SEMI_FIXED id="S8" spans="1186~1194" text="gone off"  />
<FLEXIBLE id="FL0" spans="1210~1214,1220~1222" text="make ... up"  />
</TAGS>
</MWE_Annotation_COSI140_v.1.0>