<?xml version="1.0" encoding="UTF-8" ?>

<MWE_Annotation_COSI140_v.1.0>
<TEXT><![CDATA[text-221 reviews-022461-0004: The artwork is excellent and the prices are very reasonable.

text-222 reviews-022461-0005: I would recommend this shop to anyone looking to get a tattoo.

text-223 reviews-022533-0001: Rude service

text-224 reviews-022533-0002: even though I have never tried hoa salon but I agree with other reviewers that they are rude.

text-225 reviews-022533-0003: I called and asked about the price for hair updo and the receptionist or owner who aswered the phone refused to tell me, or even just give me an approximate price range.

text-226 reviews-022533-0004: He told us to stop by the salon and then he will tell us the price.

text-227 reviews-022533-0005: What kind of rude service is that?

text-228 reviews-022533-0006: I don't want to waste my time with them.

text-229 reviews-023620-0001: This is one of the worst places I have stayed, we cut out stay short and went to the Mulberry.

text-230 reviews-023620-0002: Even though they still charge you the days you booked but won't use, it is worth the get the hell out of this crap hole.

text-231 reviews-023620-0003: The whole experience shows a hotel managed by what must be a 2 star hotel manager.

text-232 reviews-023620-0004: Bad service starting from the front desk.

text-233 reviews-023620-0005: The best person is the valet.

text-234 reviews-023620-0006: Short of that, avoid this place, as a silver Marriott member, this is a disgrace.

text-235 reviews-024132-0001: Range Rover Sport Window Tints

text-236 reviews-024132-0002: Mark at Tintman Nationwidetints Ltd, did a very Professional job very quick, no fuss, deliverd the car to me and I drove him back home,Great arrangement Great price!!

text-237 reviews-024132-0003: Highly recommended!!

text-238 reviews-024132-0004: Thanks Mark.

text-239 reviews-024132-0005: Steve.... proud Range Rover Sport owner (with rear tints)

text-240 reviews-024385-0001: Another great business bites the dust!

]]></TEXT>
<TAGS>
<FIXED id="F0" spans="260~271" text="even though"  />
<FIXED id="F1" spans="291~300" text="hoa salon"  />
<FIXED id="F2" spans="904~916" text="the Mulberry"  />
<FIXED id="F3" spans="1038~1046" text="the hell"  />
<FIXED id="F4" spans="1532~1559" text="Tintman Nationwidetints Ltd"  />
<FIXED id="F5" spans="949~960" text="Even though"  />
<SEMI_FIXED id="S0" spans="600~607" text="stop by"  />
<SEMI_FIXED id="S1" spans="1059~1068" text="crap hole"  />
<SEMI_FIXED id="S3" spans="542~553" text="price range"  />
<SEMI_FIXED id="S4" spans="424~433" text="hair updo"  />
<SEMI_FIXED id="S5" spans="1387~1409" text="silver Marriott member"  />
<SEMI_FIXED id="S6" spans="1462~1479" text="Range Rover Sport"  />
<SEMI_FIXED id="S7" spans="1834~1851" text="Range Rover Sport"  />
<SEMI_FIXED id="S8" spans="1930~1944" text="bites the dust"  />
<SEMI_FIXED id="S9" spans="1245~1255" text="front desk"  />
<SEMI_FIXED id="S2" spans="759~766" text="want to"  />
<FLEXIBLE id="FL0" spans="767~772,776~780" text="waste ... time"  />
<FLEXIBLE id="FL1" spans="873~876,886~891" text="cut ... short"  />
<FLEXIBLE id="FL2" spans="1561~1564,1585~1588" text="did ... job"  />
<FLEXIBLE id="FL3" spans="1034~1037,1047~1050" text="get ... out"  />
</TAGS>
</MWE_Annotation_COSI140_v.1.0>