<?xml version="1.0" encoding="UTF-8" ?>

<MWE_Annotation_COSI140_v.1.0>
<TEXT><![CDATA[text-241 reviews-024385-0002: The best cakes EVER!

text-242 reviews-024385-0003: A bit pricey, so I didn't go very often, but it was always a treat when I did.

text-243 reviews-024385-0004: The prices were worth what I got.

text-244 reviews-024385-0005: I'm assuming they are completely out of business since I can't find any contact information.

text-245 reviews-024385-0006: I'm hoping the bakers continue to do their baking out of another place, because it would be a shame not to have these cakes any longer.

text-246 reviews-026641-0001: You've Got Maids did a fabulous job cleaning my home.

text-247 reviews-026641-0002: I am hiring them to come once a week now that they got my house to where they can maintain it for only an hour and a half every two weeks!

text-248 reviews-026641-0003: Satisfactory for sure with the sercvice!

text-249 reviews-026641-0004: Beats having one "cleaning lady" who took twice as long and did not do a very through job like the "maids" did!

text-250 reviews-026883-0001: Poor Service

text-251 reviews-026883-0002: Run don't walk.

text-252 reviews-026883-0003: My experience with Home Delivery Service has been one of disappointment and anger.

text-253 reviews-026883-0004: If I could give them a lower rating than poor I would.

text-254 reviews-026883-0005: On August 21st, 2009 I ordered furniture from Hickory Furniture Mart and contracted for HDS to deliver it.

text-255 reviews-026883-0006: After seventeen days the delivery van showed up at my home minus two pieces.

text-256 reviews-026883-0007: I was later told they had been left at the warehouse and some future date they would be delivered.

text-257 reviews-026883-0008: No one will give me a date.

text-258 reviews-026883-0009: I spent $2300 on the bedroom suite, which was complete and excellent condition on the showroom floor.

text-259 reviews-026883-0010: Upon delivery it was clear the entire set was damaged: a piece of wood was broke on the headboard; the chest of drawers was missing all four pieces necessary to attach the legs; the dresser back legs were pushed in causing the dresser to lean into the wall; and a nighstand was missing a drawer.

text-260 reviews-026883-0011: How do you lose a drawer.

]]></TEXT>
<TAGS>
<FIXED id="F0" spans="82~87" text="A bit"  />
<FIXED id="F1" spans="290~305" text="out of business"  />
<FIXED id="F2" spans="329~348" text="contact information"  />
<FIXED id="F3" spans="505~515" text="any longer"  />
<FIXED id="F4" spans="548~564" text="You&apos;ve Got Maids"  />
<FIXED id="F5" spans="1062~1076" text="Run don&apos;t walk"  />
<FIXED id="F6" spans="1128~1149" text="Home Delivery Service"  />
<FIXED id="F7" spans="1355~1377" text="Hickory Furniture Mart"  />
<SEMI_FIXED id="S0" spans="470~480" text="be a shame"  />
<SEMI_FIXED id="S1" spans="893~906" text="cleaning lady"  />
<SEMI_FIXED id="S2" spans="1485~1494" text="showed up"  />
<SEMI_FIXED id="S3" spans="1830~1844" text="showroom floor"  />
<SEMI_FIXED id="S4" spans="1765~1778" text="bedroom suite"  />
<SEMI_FIXED id="S5" spans="1980~1996" text="chest of drawers"  />
<SEMI_FIXED id="S6" spans="2082~2091" text="pushed in"  />
<SEMI_FIXED id="S7" spans="1472~1484" text="delivery van"  />
<FLEXIBLE id="FL0" spans="1697~1701,1707~1711" text="give ... date"  />
<FLEXIBLE id="FL1" spans="415~417,424~430" text="do ... baking"  />
<FLEXIBLE id="FL2" spans="684~687,697~705" text="got ... to where"  />
<FLEXIBLE id="FL3" spans="565~568,580~583" text="did ... job"  />
<FLEXIBLE id="FL4" spans="935~938,961~964" text="did ... job"  />
</TAGS>
</MWE_Annotation_COSI140_v.1.0>