<?xml version="1.0" encoding="UTF-8" ?>

<MWE_Annotation_COSI140_v.1.0>
<TEXT><![CDATA[text-261 reviews-026883-0012: After complaining on September 10th to National Home Furnishings, Boyles, the Hickory Furniture Mart and Home Delivery Service the latter finally called me back and said they would be up to pick the dresser and chest of drawers at some future point and at some later point it would be professional repaired and at some later point it would be returned.

text-262 reviews-026883-0013: The customer service at Home Delivery Service was terrible let alone their promise to proper set up furniture.

text-263 reviews-026883-0014: So I am in limbo regarding a bedroom suite.

text-264 reviews-026883-0015: I hope the owners and employees of this store have broken bedroom suites in their homes and furniture sitting in someone's warehouse.

text-265 reviews-026883-0016: Maybe then they will begin to understand poor customer service and terrible sit up service.

text-266 reviews-029218-0001: Our Wedding 11/7/08

text-267 reviews-029218-0002: We just had our wedding on 11/7/08 and was very impressed.

text-268 reviews-029218-0003: Cj and company did all that we ask and 10 times more.

text-269 reviews-029218-0004: The food was out standing.

text-270 reviews-029218-0005: If you need a cater that is affordable and easy to work with they are the ones.

text-271 reviews-029218-0006: Thanks again Saucey's.

text-272 reviews-029218-0007: Mark

text-273 reviews-029230-0001: Best Store In Boothbay Harbor

text-274 reviews-029230-0002: What a fantastic store, I love this place.

text-275 reviews-029230-0003: Not the same old stuff that all the other stores have.

text-276 reviews-029230-0004: Their items are very unique, great quality, great prices.

text-277 reviews-029230-0005: They also have the best tea I ever had, not at all like the junk you get at the grocery stores, I stock up when ever there because they are closed in the winter.

text-278 reviews-029870-0001: I found Bright Star Tours and Travels and Best and Affordable Tour Operators and Tours Agents in Chennai, India offered me Student Tour India Package for very less price.

text-279 reviews-029870-0002: I enjoyed my tour and i am looking for adventure tour and India heritage tours for valuable.

text-280 reviews-029870-0003: Thanks for Bright Star Tours.

]]></TEXT>
<TAGS>
<FIXED id="F1" spans="69~94" text="National Home Furnishings"  />
<FIXED id="F2" spans="108~130" text="Hickory Furniture Mart"  />
<FIXED id="F3" spans="135~156" text="Home Delivery Service"  />
<FIXED id="F4" spans="438~459" text="Home Delivery Service"  />
<FIXED id="F5" spans="473~482" text="let alone"  />
<FIXED id="F6" spans="564~572" text="in limbo"  />
<FIXED id="F7" spans="842~858" text="customer service"  />
<FIXED id="F9" spans="1246~1263" text="easy to work with"  />
<FIXED id="F10" spans="1418~1433" text="Boothbay Harbor"  />
<FIXED id="F11" spans="1547~1555" text="same old"  />
<FIXED id="F12" spans="1915~1944" text="Bright Star Tours and Travels"  />
<FIXED id="F13" spans="1949~2000" text="Best and Affordable Tour Operators and Tours Agents"  />
<FIXED id="F14" spans="2004~2018" text="Chennai, India"  />
<FIXED id="F15" spans="2030~2056" text="Student Tour India Package"  />
<FIXED id="F16" spans="2244~2261" text="Bright Star Tours"  />
<FIXED id="F17" spans="418~434" text="customer service"  />
<SEMI_FIXED id="S0" spans="585~598" text="bedroom suite"  />
<SEMI_FIXED id="S1" spans="689~703" text="bedroom suites"  />
<SEMI_FIXED id="S2" spans="872~886" text="sit up service"  />
<SEMI_FIXED id="S5" spans="2167~2187" text="India heritage tours"  />
<FLEXIBLE id="FL0" spans="211~216" text="be up"  />
<FLEXIBLE id="FL1" spans="1812~1820" text="stock up"  />
<FLEXIBLE id="FL2" spans="507~513" text="set up"  />
<FLEXIBLE id="FL3" spans="1079~1098,1108~1112" text="all that we ask and ... more"  />
<FLEXIBLE id="FL4" spans="176~182,186~190" text="called ... back"  />
<FLEXIBLE id="FL5" spans="978~981,986~993" text="had ... wedding"  />
</TAGS>
</MWE_Annotation_COSI140_v.1.0>