<?xml version="1.0" encoding="UTF-8" ?>

<MWE_Annotation_COSI140_v.1.0>
<TEXT><![CDATA[text-281 reviews-030126-0001: HORRIBLE

text-282 reviews-030126-0002: This school is the worst one i've ever been to.

text-283 reviews-030126-0003: I attended it for 2 years, and that was enough.

text-284 reviews-030126-0004: There's holes everywhere in the ceiling, sewage constantly leaks through the ceiling, and the whole condition of the school is horrible.

text-285 reviews-030126-0005: The staff and the Principal are rediculous, they don't listen to any input, and they make up rediculous rules ( They banned backpacks, because a teacher TRIPPED OVER a student's).

text-286 reviews-030126-0006: The education is horrible at best, do society a favor, and do NOT send your student here.

text-287 reviews-030811-0001: I've only had good experiences at Adorn, I was greeted and offered a refreshment.

text-288 reviews-030811-0002: I highly recommend Debi, she does an amazing job, I "love" the way she cuts my hair, extremely thorough and cross checks her work to make sure my hair is perfect.

text-289 reviews-030811-0003: I always leave loving my hair style.

text-290 reviews-031113-0001: Good Pizza at a good price

text-291 reviews-031113-0002: I just moved nearby and have tried several of the local places, this was the first one and I should have just stuck with it.

text-292 reviews-031113-0003: The pizza is usually pretty good, the only bad one we got was on a Friday night and it just needed to be cooked a little more, but it was still good.

text-293 reviews-031113-0004: Their BBQ chicken pizza is one of the better ones I have ever had.

text-294 reviews-034501-0001: Best Stationery store in Bethesda

text-295 reviews-034501-0002: Papeluna, a cute Mom/Pop custom printing and paper store, just opened a few days ago.

text-296 reviews-034501-0003: It is right on the hustle and bustle of Wisconsin Ave but some might miss it as it is nestled in between Subway Sandwiches and Modell's.

text-297 reviews-034501-0004: I popped in after my afternoon pumpkin spice latte break at Starbucks.

text-298 reviews-034501-0005: It's an adorable little store filled with lots of stationery goodness.

text-299 reviews-034501-0006: Cards, wrapping paper, paper, and an area to sit down and talk with someone to design your own invitations or for whatever else your custom printing needs may be.

text-300 reviews-034501-0007: I gave the woman I spoke with today a "You've been yelped!" card to let her know that Yelp may be a good tool for helping spreading the word about Papeluna.

]]></TEXT>
<TAGS>
<FIXED id="F0" spans="633~640" text="at best"  />
<FIXED id="F1" spans="1429~1437" text="a little"  />
<FIXED id="F2" spans="1731~1736" text="a few"  />
<FIXED id="F3" spans="1797~1814" text="hustle and bustle"  />
<FIXED id="F4" spans="1818~1831" text="Wisconsin Ave"  />
<FIXED id="F5" spans="1872~1882" text="in between"  />
<FIXED id="F6" spans="1883~1900" text="Subway Sandwiches"  />
<FIXED id="F7" spans="2090~2097" text="lots of"  />
<FIXED id="F8" spans="2157~2171" text="wrapping paper"  />
<FIXED id="F9" spans="1977~1996" text="pumpkin spice latte"  />
<SEMI_FIXED id="S0" spans="109~116" text="been to"  />
<SEMI_FIXED id="S1" spans="287~300" text="leaks through"  />
<SEMI_FIXED id="S2" spans="549~561" text="TRIPPED OVER"  />
<SEMI_FIXED id="S3" spans="949~961" text="cross checks"  />
<SEMI_FIXED id="S4" spans="974~983" text="make sure"  />
<SEMI_FIXED id="S5" spans="1060~1070" text="hair style"  />
<SEMI_FIXED id="S6" spans="1271~1281" text="stuck with"  />
<SEMI_FIXED id="S7" spans="1504~1521" text="BBQ chicken pizza"  />
<SEMI_FIXED id="S8" spans="1948~1957" text="popped in"  />
<SEMI_FIXED id="S9" spans="2195~2203" text="sit down"  />
<SEMI_FIXED id="S10" spans="2363~2373" text="spoke with"  />
<SEMI_FIXED id="S11" spans="2466~2484" text="spreading the word"  />
<FLEXIBLE id="FL0" spans="642~644,653~660" text="do ... a favor"  />
<FLEXIBLE id="FL1" spans="912~916,920~924" text="cuts ... hair"  />
<FLEXIBLE id="FL2" spans="2412~2415,2420~2424" text="let ... know"  />
<FLEXIBLE id="FL3" spans="481~488" text="make up"  />
<FLEXIBLE id="FL4" spans="738~741,747~758" text="had ... experiences"  />
<FLEXIBLE id="FL5" spans="870~874,886~889" text="does ... job"  />
</TAGS>
</MWE_Annotation_COSI140_v.1.0>