<?xml version="1.0" encoding="UTF-8" ?>

<MWE_Annotation_COSI140_v.1.0>
<TEXT><![CDATA[text-301 reviews-034501-0008: I ended up buying a birthday card and would probably come back for more.

text-302 reviews-034501-0009: printing, printing, copies, printing, copies, printing,

text-303 reviews-034813-0001: Baffled by the one-star reviews

text-304 reviews-034813-0002: I don't get it.

text-305 reviews-034813-0003: This place is awesome, with a great ambiance and cool décor, and the food is scrumptious (and especially their signature banana split).

text-306 reviews-034813-0004: Sure, some items are a little pricey, but c'mon... have you ever been out to eat in Seattle before?

text-307 reviews-035726-0001: The BEST

text-308 reviews-035726-0002: Dr. Aster and her team have been a strong advocate in the health of both my daughters.

text-309 reviews-035726-0003: Dr. Aster is very kind an gentle with the children, but also positive and to the point with the parents.

text-310 reviews-035726-0004: She is and excellent doctor to have on one's team.

text-311 reviews-035726-0005: Even though I live pretty far from her office I still make the trip so my daughters will have the BEST!

text-312 reviews-035899-0001: Highly Recommended

text-313 reviews-035899-0002: We walked in to pick our little man at 10 minutes to closing and heard laughter from kids and the staff.

text-314 reviews-035899-0003: The facilities are more than adequate and the staff are just phenomenal.

text-315 reviews-035899-0004: Their sense of humour and calmness when dealing with the little ones amazes me every time I walk in.

text-316 reviews-035899-0005: We have since moved slightly further away from the centre but it's worth the extra travel, as the care provided exceeds our expectations... especially after a few horrendous daycare experiences elsewhere.

text-317 reviews-036133-0001: Bit sketchy, sporadic delivery times

text-318 reviews-036133-0002: I bought about half of the furniture I own from this place.

text-319 reviews-036133-0003: Why?

text-320 reviews-036133-0004: Because they cut me good deals if I paid in cash.

]]></TEXT>
<TAGS>
<FIXED id="F0" spans="519~527" text="a little"  />
<FIXED id="F1" spans="669~678" text="Dr. Aster"  />
<FIXED id="F2" spans="787~796" text="Dr. Aster"  />
<FIXED id="F3" spans="861~873" text="to the point"  />
<FIXED id="F5" spans="2034~2041" text="in cash"  />
<FIXED id="F4" spans="1345~1354" text="more than"  />
<FIXED id="F6" spans="1005~1016" text="Even though"  />
<SEMI_FIXED id="S1" spans="32~40" text="ended up"  />
<SEMI_FIXED id="S2" spans="50~63" text="birthday card"  />
<SEMI_FIXED id="S3" spans="83~92" text="come back"  />
<SEMI_FIXED id="S4" spans="236~252" text="one-star reviews"  />
<SEMI_FIXED id="S5" spans="292~298" text="get it"  />
<SEMI_FIXED id="S6" spans="452~464" text="banana split"  />
<SEMI_FIXED id="S7" spans="563~578" text="been out to eat"  />
<SEMI_FIXED id="S8" spans="1059~1072" text="make the trip"  />
<SEMI_FIXED id="S9" spans="1215~1225" text="little man"  />
<SEMI_FIXED id="S10" spans="1436~1451" text="sense of humour"  />
<SEMI_FIXED id="S11" spans="1487~1498" text="little ones"  />
<FLEXIBLE id="FL0" spans="2006~2009,2018~2023" text="cut ... deals"  />
</TAGS>
</MWE_Annotation_COSI140_v.1.0>