<?xml version="1.0" encoding="UTF-8" ?>

<MWE_Annotation_COSI140_v.1.0>
<TEXT><![CDATA[text-321 reviews-036133-0005: Sketchy, right?

text-322 reviews-036133-0006: Well they came through and delivered almost all of my items within a few days.

text-323 reviews-036133-0007: (They even got me a couch pretty quickly.)

text-324 reviews-036133-0008: The guy who was cutting me the deals and getting me the furniture quickly, Ahmed, was nice and mostly professional, except the semi-sketchiness.

text-325 reviews-036133-0009: Then one day, Ahmed left the country, not to return for months, WITHOUT informing me.

text-326 reviews-036133-0010: He also neglected to tell the other person working at the store about a dining room table that I had ordered and that was supposed to be coming in.

text-327 reviews-036133-0011: The other person working at the store didn't know that I still had this table coming.

text-328 reviews-036133-0012: I had paid in cash, and he said he had no receipt/record of my purchase.

text-329 reviews-036133-0013: I came back with the receipt Ahmed had provided upon my purchase, and the guy took forever to copy it but said that he would take care of the situation.

text-330 reviews-036133-0014: I waited.

text-331 reviews-036133-0015: And waited.

text-332 reviews-036133-0016: He never once contacted us.

text-333 reviews-036133-0017: I've had to pester this new guy several times to ask when my table will arrive.

text-334 reviews-036133-0018: He kept saying different arrival/delivery dates and didn't seem terribly apologetic.

text-335 reviews-036133-0019: It has been 3 weeks and I STILL don't have my table (which was NOT cheap, I might add).

text-336 reviews-036133-0020: Point is: You might be able to get a good deal on some nice furniture -- which I did -- but they're not very communicative and god forbid something goes wrong, you'll have to fight to get it resolved.

text-337 reviews-036753-0001: sheisters

text-338 reviews-036753-0002: i made the mistake of buying from these thieves.

text-339 reviews-036753-0003: I paid 2k cash for a truck with a blown motor.

text-340 reviews-036753-0004: Their so called mechanic said the engine was good and "There is nothing mechanicly wrong with this truck".

]]></TEXT>
<TAGS>
<FIXED id="F0" spans="442~449" text="one day"  />
<FIXED id="F1" spans="1225~1235" text="never once"  />
<FIXED id="F2" spans="1754~1764" text="god forbid"  />
<FIXED id="F3" spans="2064~2073" text="so called"  />
<FIXED id="F4" spans="861~868" text="in cash"  />
<SEMI_FIXED id="S1" spans="87~99" text="came through"  />
<SEMI_FIXED id="S2" spans="691~700" text="coming in"  />
<SEMI_FIXED id="S3" spans="956~965" text="came back"  />
<SEMI_FIXED id="S4" spans="1079~1091" text="take care of"  />
<SEMI_FIXED id="S5" spans="1286~1292" text="had to"  />
<SEMI_FIXED id="S6" spans="1794~1801" text="have to"  />
<SEMI_FIXED id="S0" spans="672~687" text="was supposed to"  />
<FLEXIBLE id="FL0" spans="277~284,292~297" text="cutting ... deals"  />
<FLEXIBLE id="FL1" spans="1647~1657" text="be able to"  />
<FLEXIBLE id="FL2" spans="1902~1906,1911~1918" text="made ... mistake"  />
<FLEXIBLE id="FL3" spans="796~799,811~817" text="had ... coming"  />
<FLEXIBLE id="FL4" spans="1811~1814,1818~1826" text="get ... resolved"  />
</TAGS>
</MWE_Annotation_COSI140_v.1.0>