<?xml version="1.0" encoding="UTF-8" ?>

<MWE_Annotation_COSI140_v.1.0>
<TEXT><![CDATA[text-341 reviews-036753-0005: Well I think a blown engine falls under the catagory of mechanics right?

text-342 reviews-036753-0006: Anyway they jimmy rigged it so i could drive it home.

text-343 reviews-036753-0007: The next day i took it to 2 auto shops and they both told me the same thing,engine is junk.

text-344 reviews-036753-0008: I called and got the same runaround on hold and noone calls you back.

text-345 reviews-036753-0009: From a moral standpoint,you guys are really gonna take 2,000 bucks from someone that needs that truck to work and support his family when you know its just a piece of scrap metal?

text-346 reviews-036753-0010: If it lasted 1 month i could suck it up but 1 day?

text-347 reviews-036753-0011: Grimy work you guys do.

text-348 reviews-036753-0012: Buy your kids somethin nice with my 2k bucks.

text-349 reviews-037794-0001: We came at around 730 and they close at 8 and wanted to try the specials but they were out for the day so I would say go way before they close.

text-350 reviews-037794-0002: Got the crab rangoon which was great, tofu with cabbage which was spicy but good and shrimp satay which was also good.

text-351 reviews-037794-0003: Def going to come back and try this place again.

text-352 reviews-037794-0004: Bea was really nice and asked how the food was.

text-353 reviews-037794-0005: Cute place also

text-354 reviews-038358-0001: heating system Angels

text-355 reviews-038358-0002: seriously, can you imagine having to live through these last few nights without heat?

text-356 reviews-038358-0003: I would have had to because with the economy the way it is i aint haves much monies fo repairs round the House....

text-357 reviews-038358-0004: Comfort zone came out and did my house heat on the cheap.

text-358 reviews-038358-0005: and it works!

text-359 reviews-038358-0006: Thank you Comfort Zone

text-360 reviews-039383-0001: Might try again

]]></TEXT>
<TAGS>
<FIXED id="F0" spans="378~385" text="on hold"  />
<FIXED id="F1" spans="610~621" text="scrap metal"  />
<FIXED id="F4" spans="1715~1727" text="Comfort zone"  />
<FIXED id="F5" spans="1759~1771" text="on the cheap"  />
<FIXED id="F6" spans="1849~1858" text="Thank you"  />
<FIXED id="F7" spans="1859~1871" text="Comfort Zone"  />
<SEMI_FIXED id="S0" spans="1051~1063" text="crab rangoon"  />
<SEMI_FIXED id="S1" spans="1128~1140" text="shrimp satay"  />
<SEMI_FIXED id="S2" spans="146~158" text="jimmy rigged"  />
<SEMI_FIXED id="S3" spans="683~693" text="suck it up"  />
<SEMI_FIXED id="S4" spans="914~923" text="wanted to"  />
<SEMI_FIXED id="S5" spans="1206~1215" text="come back"  />
<SEMI_FIXED id="S6" spans="1479~1488" text="having to"  />
<SEMI_FIXED id="S7" spans="1489~1501" text="live through"  />
<SEMI_FIXED id="S8" spans="1582~1588" text="had to"  />
<SEMI_FIXED id="S9" spans="1197~1205" text="going to"  />
<FLEXIBLE id="FL0" spans="58~69" text="falls under"  />
<FLEXIBLE id="FL2" spans="396~401,406~410" text="calls ... back"  />
</TAGS>
</MWE_Annotation_COSI140_v.1.0>