<?xml version="1.0" encoding="UTF-8" ?>

<MWE_Annotation_COSI140_v.1.0>
<TEXT><![CDATA[text-361 reviews-039383-0002: Pros: * Jill, the owner, is very nice and really cares about her feedback * Pretty nice atmosphere * Great Dessert * Not your typical veggie selection, I like!

text-362 reviews-039383-0003: Don't know where else you can find Purple Hull Peas and some of the other sides.

text-363 reviews-039383-0004: Cons: * Server wasn't very pleasant * Pretty small portion on the blackened catfish * Overcooked food * Time, took about 25 minutes from ordering to eating.

text-364 reviews-039383-0005: Half the tables and bar were empty by this point.

text-365 reviews-039383-0006: Other Thoughts: Will try this place again.

text-366 reviews-039383-0007: There must be a reason so many people like it there.

text-367 reviews-039383-0008: Their Club sandwich looks tasty, maybe that'll change my mind.... and a different server.

text-368 reviews-039856-0001: HORRIBLE SERVICE!!!

text-369 reviews-039856-0002: Absolute horrible service from the parts department.

text-370 reviews-039856-0003: They are very rude over the phone and in person.

text-371 reviews-039856-0004: They talk down to you like they are supreme beings, if you hate your job so much then quit!!

text-372 reviews-039856-0005: How these guys can get away with being so rude with people is mind blowing.

text-373 reviews-039856-0006: I will NEVER do business with Sun Toyota again.

text-374 reviews-039856-0007: Thank god there are plenty of Toyota dealerships to choose from in this city.

text-375 reviews-040616-0001: we purchased a new home but was unable to sell our old house so we contacted this property management company and they have helped us quickly rent out our house and keep it maintained.

text-376 reviews-040616-0002: Since then we have decided to have them manage our other investment properties as well as we getting older and can no longer perform all the inquires.

text-377 reviews-040616-0003: Great help!

text-378 reviews-042012-0001: When in Scordia, Sicily

text-379 reviews-042012-0002: If ever in Sicily please take the time to visit Anna Maria Jose Mudo and her familia.

text-380 reviews-042012-0003: They are and always will be the nicest people in Sicily that you will meet.

]]></TEXT>
<TAGS>
<FIXED id="F0" spans="256~272" text="Purple Hull Peas"  />
<FIXED id="F1" spans="1035~1049" text="over the phone"  />
<FIXED id="F2" spans="1054~1063" text="in person"  />
<FIXED id="F3" spans="1282~1294" text="mind blowing"  />
<FIXED id="F4" spans="1357~1367" text="Sun Toyota"  />
<FIXED id="F5" spans="1406~1415" text="Thank god"  />
<FIXED id="F6" spans="1810~1820" text="as well as"  />
<FIXED id="F7" spans="1846~1855" text="no longer"  />
<FIXED id="F8" spans="1964~1979" text="Scordia, Sicily"  />
<FIXED id="F9" spans="2059~2079" text="Anna Maria Jose Mudo"  />
<SEMI_FIXED id="S1" spans="1101~1113" text="talk down to"  />
<SEMI_FIXED id="S2" spans="1239~1252" text="get away with"  />
<SEMI_FIXED id="S3" spans="1340~1356" text="do business with"  />
<SEMI_FIXED id="S4" spans="1657~1665" text="rent out"  />
<SEMI_FIXED id="S5" spans="1788~1809" text="investment properties"  />
<SEMI_FIXED id="S7" spans="1543~1556" text="was unable to"  />
<FLEXIBLE id="FL0" spans="2036~2040,2045~2049" text="take ... time"  />
<FLEXIBLE id="FL1" spans="807~813,817~821" text="change ... mind"  />
</TAGS>
</MWE_Annotation_COSI140_v.1.0>