<?xml version="1.0" encoding="UTF-8" ?>

<MWE_Annotation_COSI140_v.1.0>
<TEXT><![CDATA[text-21 reviews-004574-0003: It is hard to find...and the mexican food is bland, almost equivalent to eating out of a can.

text-22 reviews-004574-0004: The service is poor...

text-23 reviews-004574-0005: I asked for a fried egg on my enchiladas...and did not get it.!

text-24 reviews-004574-0006: Secondly, the enchladas did not come with enchilada sauce..but chili...like Hormel's chili..the cheese was American cheese!

text-25 reviews-004574-0007: The Chili Relleno..had no batter on it.

text-26 reviews-004940-0001: We have been blessed to find Elite Flyers online and would not use anyone else to handle our postcards, posters, etc.

text-27 reviews-004940-0002: We were looking for a company with decent rates as our company was just getting started.

text-28 reviews-004940-0003: They have the best rates and GREAT customer service.

text-29 reviews-004940-0004: On one order, we needed it rushed and shipped to a different state.

text-30 reviews-004940-0005: They did that with no problem.

text-31 reviews-004940-0006: I also appreciate their honesty.

text-32 reviews-004940-0007: I sent a graphic that would have been distorted if printed as it was.

text-33 reviews-004940-0008: They called and worked with me to fix it so that it would look perfect.

text-34 reviews-004940-0009: They recently surprised me a larger order.

text-35 reviews-004940-0010: I ordered 1000 postcards, we normally order 5000 or more.

text-36 reviews-004940-0011: Because they had room to do 5000, they created the larger amount, and shipped them early.

text-37 reviews-004940-0012: I recommend this company to ANYONE and everyone that needs great work done at a reasonable rate!

text-38 reviews-004940-0013: They have a customer for life in us!

text-39 reviews-005636-0001: I LOVE MY GYM!

text-40 reviews-005636-0002: FITNESS UNLIMITED is a second home to a lot of us gym members who work out daily.

]]></TEXT>
<TAGS>
<FIXED id="F0" spans="376~390" text="Hormel&apos;s chili"  />
<FIXED id="F2" spans="553~565" text="Elite Flyers"  />
<FIXED id="F3" spans="1818~1835" text="FITNESS UNLIMITED"  />
<FIXED id="F6" spans="1841~1852" text="second home"  />
<FIXED id="F7" spans="58~70" text="mexican food"  />
<FIXED id="F8" spans="826~842" text="customer service"  />
<SEMI_FIXED id="S2" spans="102~115" text="eating out of"  />
<SEMI_FIXED id="S3" spans="220~229" text="fried egg"  />
<SEMI_FIXED id="S4" spans="407~422" text="American cheese"  />
<SEMI_FIXED id="S5" spans="458~471" text="Chili Relleno"  />
<SEMI_FIXED id="S6" spans="680~691" text="looking for"  />
<SEMI_FIXED id="S9" spans="1884~1892" text="work out"  />
<FLEXIBLE id="FL0" spans="744~759" text="getting started"  />
<FLEXIBLE id="FL1" spans="1472~1480" text="had room"  />
</TAGS>
</MWE_Annotation_COSI140_v.1.0>