<?xml version="1.0" encoding="UTF-8" ?>

<MWE_Annotation_COSI140_v.1.0>
<TEXT><![CDATA[text-381 reviews-042012-0004: You will also have the pleasure of learning the Italiano language.

text-382 reviews-042012-0005: You will also have the experience of learning the bella Sicilian culture, that I have fallen in luv with.

text-383 reviews-042012-0006: I will 4-ever be eternally grateful for their hospitality and luv that my Sicilian family showed me when I was there for 3 years.

text-384 reviews-042012-0007: Luv always..

text-385 reviews-042416-0001: Can't wait to go back!!!

text-386 reviews-042416-0002: This is by far the BEST B&B that we have ever stayed at!

text-387 reviews-042416-0003: We were in Santa Fe for a special event and our hosts rented out the El Paradero for all their guests to stay at.

text-388 reviews-042416-0004: We could not have been more welcomed, more comfortable or more well fed.

text-389 reviews-042416-0005: The weekend was perfect in every way, in large part to Sue and her great staff.

text-390 reviews-042416-0006: Everyone was so friendly and really went out of their way to make sure everything went well.

text-391 reviews-042416-0007: We can not wait to go back to Santa Fe and to this great B&B...especially my 4 year old, who made friends with Ms. Sue and all the ladies, and has talked about them since we left!

text-392 reviews-042416-0008: We would highly recommend the El Paradero on your next trip to Santa Fe!

text-393 reviews-043020-0001: Quick to take money but not quick to fix a problem!

text-394 reviews-043020-0002: B&B came out very quickly to give us our quote back in June.

text-395 reviews-043020-0003: They were very polite, eager to answer any questions and willing to wait for us to return from vacation to begin installing our fence.

text-396 reviews-043020-0004: Our fence was installed quickly in August and they had their money and left saying "Workmanship is guaranteed for a year!".

text-397 reviews-043020-0005: Within a week we noticed one of the boards on our gate splitting where a nail had gone in.

text-398 reviews-043020-0006: We called our representative who assured me he would call the office and have it taken care of.

text-399 reviews-043020-0007: We heard nothing.

text-400 reviews-043020-0008: We then called the office and the man we spoke to said he'd send someone out to look at it but couldn't promise when- two weeks came and went and we heard nothing.

]]></TEXT>
<TAGS>
<FIXED id="F0" spans="534~540" text="by far"  />
<FIXED id="F1" spans="625~633" text="Santa Fe"  />
<FIXED id="F2" spans="683~694" text="El Paradero"  />
<FIXED id="F3" spans="901~914" text="in large part"  />
<FIXED id="F4" spans="1128~1136" text="Santa Fe"  />
<FIXED id="F5" spans="1209~1216" text="Ms. Sue"  />
<FIXED id="F6" spans="1339~1350" text="El Paradero"  />
<FIXED id="F7" spans="1372~1380" text="Santa Fe"  />
<SEMI_FIXED id="S0" spans="1175~1185" text="4 year old"  />
<SEMI_FIXED id="S1" spans="214~232" text="fallen in luv with"  />
<SEMI_FIXED id="S2" spans="1010~1031" text="went out of their way"  />
<SEMI_FIXED id="S3" spans="1035~1044" text="make sure"  />
<SEMI_FIXED id="S4" spans="1101~1113" text="can not wait"  />
<SEMI_FIXED id="S5" spans="2112~2125" text="taken care of"  />
<SEMI_FIXED id="S6" spans="2112~2125" text="taken care of"  />
<SEMI_FIXED id="S7" spans="484~491" text="go back"  />
<SEMI_FIXED id="S8" spans="1117~1124" text="go back"  />
<SEMI_FIXED id="S9" spans="1645~1655" text="willing to"  />
<SEMI_FIXED id="S10" spans="470~480" text="Can&apos;t wait"  />
<FLEXIBLE id="FL0" spans="1191~1208" text="made friends with"  />
<FLEXIBLE id="FL1" spans="44~48,53~64" text="have ... pleasure of"  />
<FLEXIBLE id="FL2" spans="668~678" text="rented out"  />
<FLEXIBLE id="FL3" spans="1525~1529,1537~1542" text="give ... quote"  />
<FLEXIBLE id="FL4" spans="1500~1508" text="came out"  />
<FLEXIBLE id="FL5" spans="2267~2271,2280~2283" text="send ... out"  />
</TAGS>
</MWE_Annotation_COSI140_v.1.0>