<?xml version="1.0" encoding="UTF-8" ?>

<MWE_Annotation_COSI140_v.1.0>
<TEXT><![CDATA[text-401 reviews-043020-0009: I just called again and was told that workmanship, not wood, is guaranteed for a year- well in my opinion- the wood split due to a nail which is part of workmanship!

text-402 reviews-043020-0010: She even went so far as to say "Your calling about one board?"

text-403 reviews-043020-0011: Well- when you pay over $1000 for something you want it to hold up and look good!!!

text-404 reviews-043020-0012: YES!

text-405 reviews-043020-0013: I WAS calling about one board!!

text-406 reviews-043020-0014: I'm very frustrated at this point- it would take all of 10 min for them to come by and replace the one board that is cracked (the crack is deep enough to stick a penny in it and it goes clear through) yet they do not want to take the time to bother with what once WAS a happy customer and has now become a dissatisfied customer.

text-407 reviews-043020-0015: So I figure if they don't want to take the time to fix the fence that they installed then I'll take the time to let everyone I can know about how they treat customers once they have your money!!!

text-408 reviews-043020-0016: STAY AWAY!!!

text-409 reviews-043020-0017: YOU GET WHAT YOU PAY FOR!!!

text-410 reviews-043020-0018: They came in under a lot of other quotes and now I know why!!!

text-411 reviews-043020-0019: When the fence was first installed I would have given them five stars, now for their poor customer follow-up and unwillingness to fix the fence they have dropped to a one-star in my opinion!

text-412 reviews-044427-0001: Good and Bad

text-413 reviews-044427-0002: I had to take care of the ants myself.

text-414 reviews-044427-0003: But I found the location wonderful and the neighbors very kind.

text-415 reviews-044427-0004: Never had a problem with the staff and found them very helpful when something went wrong.

text-416 reviews-044427-0005: Loved the pool and BBQ.

text-417 reviews-044427-0006: Because of the ants I dropped them to a 3 star.

text-418 reviews-047184-0001: New training Centre is excellent

text-419 reviews-047184-0002: The Award Dance Centre has moved from its Holderness Road site to a new complex on Chamberlain Road Hull.

text-420 reviews-047184-0003: The new Centre has 4 studios planned and now boasts the largest single dance floor area in Kingston upon Hull.

]]></TEXT>
<TAGS>
<FIXED id="F0" spans="152~158" text="due to"  />
<FIXED id="F1" spans="721~734" text="clear through"  />
<FIXED id="F2" spans="584~590" text="all of"  />
<FIXED id="F3" spans="1244~1252" text="a lot of"  />
<FIXED id="F4" spans="1926~1936" text="Because of"  />
<FIXED id="F5" spans="2073~2091" text="Award Dance Centre"  />
<FIXED id="F6" spans="2111~2126" text="Holderness Road"  />
<FIXED id="F7" spans="2152~2173" text="Chamberlain Road Hull"  />
<FIXED id="F8" spans="2297~2315" text="Kingston upon Hull"  />
<SEMI_FIXED id="S0" spans="2277~2288" text="dance floor"  />
<SEMI_FIXED id="S1" spans="1587~1593" text="had to"  />
<SEMI_FIXED id="S2" spans="1230~1237" text="came in"  />
<SEMI_FIXED id="S3" spans="921~928" text="want to"  />
<SEMI_FIXED id="S4" spans="752~759" text="want to"  />
<SEMI_FIXED id="S5" spans="777~788" text="bother with"  />
<SEMI_FIXED id="S6" spans="236~250" text="went so far as"  />
<SEMI_FIXED id="S7" spans="380~387" text="hold up"  />
<SEMI_FIXED id="S8" spans="610~617" text="come by"  />
<SEMI_FIXED id="S9" spans="1122~1131" text="STAY AWAY"  />
<FLEXIBLE id="FL0" spans="122~124,128~135" text="in ... opinion"  />
<FLEXIBLE id="FL1" spans="760~764,769~773" text="take ... time"  />
<FLEXIBLE id="FL3" spans="929~933,938~942" text="take ... time"  />
<FLEXIBLE id="FL4" spans="990~994,999~1003" text="take ... time"  />
<FLEXIBLE id="FL5" spans="1170~1178,1183~1190" text="GET WHAT ... PAY FOR"  />
<FLEXIBLE id="FL6" spans="1594~1606" text="take care of"  />
</TAGS>
</MWE_Annotation_COSI140_v.1.0>