<?xml version="1.0" encoding="UTF-8" ?>

<MWE_Annotation_COSI140_v.1.0>
<TEXT><![CDATA[text-421 reviews-047184-0004: The classes cover all age and skill ranges, with BALLROOM, LATIN, SEQUENCE, STREET, DISCO, LINE DANCING, BALLET, TAP & JAZZ.

text-422 reviews-047184-0005: We have attended A Ward Dance Centre for over a year and really enjoy the friendly and welcoming way we are taught Ballroom and Latin as well as the fun filled social dance evening held every Saturday evening....

text-423 reviews-047184-0006: It is not really possible to score this school too highly, We would give it 12 out of 10 and 5 Stars across the board Steve & Anne

text-424 reviews-047762-0001: My Favorite place at Wildwood

text-425 reviews-047762-0002: I have been going to the Wildwood, NJ for over 30 years for summer vacations and always call the Madrid first.

text-426 reviews-047762-0003: I rated it 5 stars.

text-427 reviews-047762-0004: I am not saying it is a 5 star hotel.

text-428 reviews-047762-0005: I am saying when comparing all other hotels in Wildwood, this hotel has everything that we are looking for.

text-429 reviews-047762-0006: It is the hospitality from Tom and staff, that makes it feel like a 5 star hotel in the middle of the beach.

text-430 reviews-047762-0007: We prefer the layout of rooms and it is always clean.

text-431 reviews-048363-0001: Excellent Driving School

text-432 reviews-048363-0002: I was involved in a car accident 20 years ago and since then I've been a nervous wreck and haven't been behind the wheel.

text-433 reviews-048363-0003: Unfortunately, a family emergency required me to conquer this fear.

text-434 reviews-048363-0004: A very good friend of mine highly recommended the Professional Driving School and I was told to specifically ask for Gerry.

text-435 reviews-048363-0005: She highly recommended him and described him as the "Saintly Instructor and Simply the Best Instructor there is ....very calm, pleasant and very detailed in giving instructions".

text-436 reviews-048363-0006: I called the school most probably 10 times before I finally enrolled in a 20 hour package.

text-437 reviews-048363-0007: I had to cancel my initial lesson 4 times and on the 5th attempt the management was quick enough to associate my cancellations with my fear and finally encouraged me into taking my initial lesson.

text-438 reviews-048363-0008: Five minutes before my initial lesson, I got a call from Gerry advising me of his arrival and to come down as soon as I was ready.

text-439 reviews-048363-0009: My heart pounded as I walked down and pounded even faster upon seeing Gerry in an SUV - Lexus!

text-440 reviews-048363-0010: I thought of canceling the lesson once again because I didn't feel comfortable driving an SUV.

]]></TEXT>
<TAGS>
<FIXED id="F0" spans="203~222" text="A Ward Dance Centre"  />
<FIXED id="F1" spans="320~330" text="as well as"  />
<FIXED id="F2" spans="531~547" text="across the board"  />
<FIXED id="F3" spans="678~690" text="Wildwood, NJ"  />
<FIXED id="F4" spans="1439~1455" text="behind the wheel"  />
<FIXED id="F5" spans="1637~1664" text="Professional Driving School"  />
<FIXED id="F7" spans="2409~2419" text="as soon as"  />
<FIXED id="F8" spans="2624~2634" text="once again"  />
<SEMI_FIXED id="S0" spans="121~133" text="LINE DANCING"  />
<SEMI_FIXED id="S1" spans="346~358" text="social dance"  />
<SEMI_FIXED id="S2" spans="1010~1021" text="looking for"  />
<SEMI_FIXED id="S3" spans="1408~1421" text="nervous wreck"  />
<SEMI_FIXED id="S4" spans="1505~1521" text="family emergency"  />
<SEMI_FIXED id="S5" spans="2076~2082" text="had to"  />
<SEMI_FIXED id="S6" spans="2012~2023" text="enrolled in"  />
<FLEXIBLE id="FL0" spans="2592~2602" text="thought of"  />
</TAGS>
</MWE_Annotation_COSI140_v.1.0>