<?xml version="1.0" encoding="UTF-8" ?>

<MWE_Annotation_COSI140_v.1.0>
<TEXT><![CDATA[text-441 reviews-048363-0011: Gerry pleasantly said " since I am already here why don't we give it shot.

text-442 reviews-048363-0012: I trust you and believe that you'll be able to handle this and all you have to do is to reciprocate!

text-443 reviews-048363-0013: Trust me and most especially trust and believe in yourself.

text-444 reviews-048363-0014: Don't worry, I'll take care of you!"

text-445 reviews-048363-0015: ....... the rest was history!

text-446 reviews-048363-0016: Here I am now driving confidently on my own.

text-447 reviews-048363-0017: Gerry, I can't thank you enough for helping me cope with my fear.

text-448 reviews-048363-0018: To my friend, thank you for your recommendation... you were true to your words in saying Gerry is a "Saintly Instructor ...Absolutely Simple the Best Instructor and Best Driving school there is!

text-449 reviews-049766-0001: WWW-Wonderful Wild Wildernest inn

text-450 reviews-049766-0002: I would give the Wildernest inn ten stars of five!

text-451 reviews-049766-0003: Atop Spring Mountain, from the decks of the West porch, "one can see forever" a scene of unparalleled beauty and grandeur.

text-452 reviews-049766-0004: I saw deer frequently, in fact a small herd were grazing near the lodge.

text-453 reviews-049766-0005: There were occasional bears on the deck in the morning.

text-454 reviews-049766-0006: and most correctly, us visitors did not mingle with the native wildlife.

text-455 reviews-049766-0007: It would have been more than one could bear!

text-456 reviews-049766-0008: Kathy and Stewart, the proprietors were the epitome of perfection.

text-457 reviews-049766-0009: Delightful, hospitable, superb,cozy and comfortable.

text-458 reviews-049766-0010: I hope to be back!

text-459 reviews-053248-0001: Quit with the overstatements!

text-460 reviews-053248-0002: The worst thing that can happen for any restaurant like Zahav is to have too many people write hyperbolic reviews making claims that "everyone" is going to "love" the food, decor and service.

]]></TEXT>
<TAGS>
<FIXED id="F0" spans="675~684" text="thank you"  />
<FIXED id="F1" spans="906~920" text="Wildernest inn"  />
<FIXED id="F2" spans="969~983" text="Wildernest inn"  />
<FIXED id="F3" spans="1039~1054" text="Spring Mountain"  />
<FIXED id="F4" spans="1211~1218" text="in fact"  />
<FIXED id="F5" spans="1502~1511" text="more than"  />
<SEMI_FIXED id="S0" spans="1095~1110" text="can see forever"  />
<SEMI_FIXED id="S1" spans="91~103" text="give it shot"  />
<SEMI_FIXED id="S2" spans="307~317" text="believe in"  />
<SEMI_FIXED id="S3" spans="435~455" text="the rest was history"  />
<SEMI_FIXED id="S4" spans="611~620" text="cope with"  />
<SEMI_FIXED id="S5" spans="1743~1750" text="hope to"  />
<SEMI_FIXED id="S7" spans="522~531" text="on my own"  />
<SEMI_FIXED id="S8" spans="1996~2007" text="is going to"  />
<FLEXIBLE id="FL0" spans="172~182" text="be able to"  />
<FLEXIBLE id="FL1" spans="199~202,207~217" text="all ... have to do"  />
<FLEXIBLE id="FL2" spans="377~389" text="take care of"  />
<FLEXIBLE id="FL3" spans="721~728,734~739" text="true to ... words"  />
<FLEXIBLE id="FL4" spans="1966~1979" text="making claims"  />
</TAGS>
</MWE_Annotation_COSI140_v.1.0>