<?xml version="1.0" encoding="UTF-8" ?>

<MWE_Annotation_COSI140_v.1.0>
<TEXT><![CDATA[text-461 reviews-053248-0003: The truth is, in my and my dining partners' experience, this is a fine little restaurant with some unique food.

text-462 reviews-053248-0004: It's an entirely up and down experience, however.

text-463 reviews-053248-0005: Now, the best of that unique food comes at the very beginning of the meal.

text-464 reviews-053248-0006: The salatim salads are the smallest plates I've ever seen placed in front of me (you would most likely think they were condiments if it weren't explained to you).

text-465 reviews-053248-0007: Though they are mostly excellent, you generally don't get enough forkfuls to know if you really love them.

text-466 reviews-053248-0008: That being said, the laffa and hummus are out of this world.

text-467 reviews-053248-0009: Then again, for the three of us who dined together, two pieces of flatbread left us fighting for more, and licking the hummus from our fingers (and yes, those two pieces of flatbread did represent a three-person order).

text-468 reviews-053248-0010: Dinner was also an up-and-down experience.

text-469 reviews-053248-0011: The vegetarian dishes and lighter fare were almost always spot-on, while the lamb was often dry and/or overcooked.

text-470 reviews-053248-0012: The duck was a 65% glob of chewy fat with no resemblance to the juicy, crispy delicacy it usually represents at other establishments.

text-471 reviews-053248-0013: Dessert was... hmmm, that's interesting, I don't even remember dessert.

text-472 reviews-053248-0014: I guess that tells you a lot.

text-473 reviews-053248-0015: Oh, yes, the chocolate semifreddo was quite good.

text-474 reviews-053248-0016: The warm chocolate cake was very tasty, but served at room temperature, not warm by any stretch of the imagination.

text-475 reviews-053248-0017: And my--no, I still don't remember what I had.

text-476 reviews-053248-0018: Service was average, but nothing special, and restaurants that are supposed to be excellent should do a better job of training their waitstaff to be communicative and friendly, not merely capable.

text-477 reviews-053248-0019: Perhaps had we not gone into this restaurant believing Zahav was going to be golden as its name suggests (and as the many golden reviews seem to attest), we would have enjoyed a decent little expensive experience.

text-478 reviews-053248-0020: But one should not go here expecting something fantastic, unless perhaps you've never had middle-eastern food before, or succulent duck, tasty lamb, decent portion sizes or actually warm chocolate desserts.

text-479 reviews-053248-0021: PS) When we called for a reservation, we were told that 5:00 and 9:30 were their only openings.

text-480 reviews-053248-0022: When we arrived at 5, and left circa 7, there were the same 4 or 5 empty tables surrounding us.

]]></TEXT>
<TAGS>
<FIXED id="F0" spans="190~201" text="up and down"  />
<FIXED id="F2" spans="692~707" text="That being said"  />
<FIXED id="F3" spans="734~751" text="out of this world"  />
<FIXED id="F4" spans="784~794" text="Then again"  />
<FIXED id="F5" spans="1546~1551" text="a lot"  />
<FIXED id="F7" spans="1746~1779" text="by any stretch of the imagination"  />
<FIXED id="F9" spans="425~436" text="in front of"  />
<SEMI_FIXED id="S0" spans="2613~2623" text="called for"  />
<SEMI_FIXED id="S1" spans="364~378" text="salatim salads"  />
<SEMI_FIXED id="S3" spans="2240~2254" text="golden reviews"  />
<SEMI_FIXED id="S4" spans="1953~1968" text="are supposed to"  />
<SEMI_FIXED id="S5" spans="2178~2191" text=" was going to"  />
<FLEXIBLE id="FL1" spans="1989~1991,2001~2004" text="do ... job"  />
<FLEXIBLE id="FL3" spans="44~46,74~84" text="in ... experience"  />
</TAGS>
</MWE_Annotation_COSI140_v.1.0>