<?xml version="1.0" encoding="UTF-8" ?>

<MWE_Annotation_COSI140_v.1.0>
<TEXT><![CDATA[text-481 reviews-053248-0023: Did they think we were going to feel lucky to get any reservation at all, and therefore be more pleased with our dining experience?

text-482 reviews-054496-0001: I just like the fact that he was able to do the specific type of repair I wanted (a reball) and give me the longest warranty and even a lower price.

text-483 reviews-054496-0002: Someone else I found that said they could do it but wanted to charge me more and give me less warranty.

text-484 reviews-054496-0003: It was a no brainer really.

text-485 reviews-054496-0004: I choose Console Pros and I'm happy I did.

text-486 reviews-054798-0001: Where else can you go for $10 and recieve this treatment?!

text-487 reviews-054798-0002: Awesome haircut at awesome price right here in Palatine!

text-488 reviews-054798-0003: Who can pass up a hot towel and a straight edge neck shave!

text-489 reviews-054798-0004: I've had 2 cuts now from Georgia and have paid more in other salons/barbershops and have not received this kind of treatment or cut!

text-490 reviews-055207-0001: Spay and neuter service.

text-491 reviews-055207-0002: I have no doubt that the rescue is wonderful.

text-492 reviews-055207-0003: But I had my cat spayed through their reduced/free spay and neuter program and the vet they sent us to was first of all a hour and a half away, and 4 days later we had to bring them to our normal vet because the vets at the place in wisconsin did a crappy job and they got infections.

text-493 reviews-055207-0004: My vet even said it was not my fault it was the vet that did the surgery, So I would not recommend getting that program unless you have an extra hundred dollars or so for antibiotics and a vet visit.

text-494 reviews-055207-0005: You'd think they would do a good job but they don't care unless they are getting paid full price.

text-495 reviews-055207-0006: Which is so dumb.

text-496 reviews-055207-0007: Not to mention the fact that they gave us our cats back not even 30 minutes after they were out from surgery.

text-497 reviews-055976-0001: The staff leaves a lot to be desired.

text-498 reviews-055976-0002: The front staff has seen quite a bit of turnover and changed from professional to rude.

text-499 reviews-055976-0003: A simple follow-up phone call with a woman quickly turned into a nightmare.

text-500 reviews-055976-0004: She may be the reason for all the change.

]]></TEXT>
<TAGS>
<FIXED id="F0" spans="96~102" text="at all"  />
<FIXED id="F1" spans="373~385" text="Someone else"  />
<FIXED id="F2" spans="517~527" text="no brainer"  />
<FIXED id="F3" spans="576~588" text="Console Pros"  />
<FIXED id="F4" spans="1314~1326" text="first of all"  />
<FIXED id="F5" spans="1338~1344" text="a half"  />
<FIXED id="F6" spans="1932~1946" text="Not to mention"  />
<FIXED id="F7" spans="1988~1996" text="not even"  />
<FIXED id="F8" spans="2090~2095" text="a lot"  />
<FIXED id="F9" spans="2167~2178" text="quite a bit"  />
<SEMI_FIXED id="S0" spans="853~877" text="straight edge neck shave"  />
<SEMI_FIXED id="S1" spans="1371~1377" text="had to"  />
<SEMI_FIXED id="S2" spans="2083~2109" text="leaves a lot to be desired"  />
<SEMI_FIXED id="S3" spans="2280~2290" text="phone call"  />
<SEMI_FIXED id="S4" spans="2312~2323" text="turned into"  />
<SEMI_FIXED id="S5" spans="48~61" text="were going to"  />
<SEMI_FIXED id="S6" spans="222~233" text="was able to"  />
<SEMI_FIXED id="S7" spans="425~434" text="wanted to"  />
<FLEXIBLE id="FL0" spans="827~834" text="pass up"  />
<FLEXIBLE id="FL3" spans="234~236,258~264" text="do ... repair"  />
<FLEXIBLE id="FL4" spans="1450~1453,1463~1466" text="did ... job"  />
<FLEXIBLE id="FL5" spans="1580~1583,1588~1595" text="did ... surgery"  />
<FLEXIBLE id="FL6" spans="1777~1779,1787~1790" text="do ... job"  />
<FLEXIBLE id="FL8" spans="1966~1970,1983~1987" text="gave ... back"  />
</TAGS>
</MWE_Annotation_COSI140_v.1.0>