<?xml version="1.0" encoding="UTF-8" ?>

<MWE_Annotation_COSI140_v.1.0>
<TEXT><![CDATA[text-501 reviews-055976-0005: I sincerely wonder if the doctor has a clue about what is going on within his practice.

text-502 reviews-055976-0006: If he does know and approves of this behavior then it is a poor reflection on him.

text-503 reviews-055976-0007: Sometimes it is not worth it to go through that kind of staff and their personal attitude to get to a doctor.

text-504 reviews-055976-0008: He was an okay doctor but not worth her.

text-505 reviews-057386-0001: friendly, fine food

text-506 reviews-057386-0002: The one-star review from 2005 is out of date.

text-507 reviews-057386-0003: There was a change of ownership a couple of years ago and service is both quick and extremely friendly.

text-508 reviews-057386-0004: The food continues to be very good -- deli sandwiches, homemade soups, fresh salads.

text-509 reviews-057386-0005: The atmosphere may not be for everyone.

text-510 reviews-057386-0006: It is a bustling place where separate parties are seated at the same table (as in many European cafes), but if you are OK with that, the food is very good.

text-511 reviews-057386-0007: Love the soups.

text-512 reviews-059005-0001: I <3 Max's

text-513 reviews-059005-0002: Excellent bagels and excellent service!

text-514 reviews-059005-0003: I go in about every morning to get bagels for myself or my co-workers and the employees at Max's are great!!

text-515 reviews-059005-0004: They are friendly and fast.

text-516 reviews-059005-0005: I have never had a problem with their hours because I always go during the mornings.

text-517 reviews-059005-0006: They are great!

text-518 reviews-059416-0001: Excellent food, fantastic wait staff

text-519 reviews-059416-0002: I recently threw a surprise birthday party for my wife at Fraiser's.

text-520 reviews-059416-0003: We had 30 guests for the event, and everyone came away from the evening impressed with not only the food, but the outstanding service as well.

]]></TEXT>
<TAGS>
<FIXED id="F0" spans="283~291" text="worth it"  />
<FIXED id="F1" spans="560~571" text="out of date"  />
<FIXED id="F2" spans="636~647" text="a couple of"  />
<FIXED id="F3" spans="1890~1898,1909~1912" text="not only ... but"  />
<SEMI_FIXED id="S0" spans="63~73" text="has a clue"  />
<SEMI_FIXED id="S3" spans="295~305" text="go through"  />
<SEMI_FIXED id="S4" spans="356~362" text="get to"  />
<SEMI_FIXED id="S5" spans="777~792" text="deli sandwiches"  />
<SEMI_FIXED id="S6" spans="1722~1745" text="surprise birthday party"  />
<SEMI_FIXED id="S7" spans="1848~1862" text="came away from"  />
<SEMI_FIXED id="S2" spans="88~96" text="going on"  />
<SEMI_FIXED id="S8" spans="169~180" text="approves of"  />
<FLEXIBLE id="FL0" spans="1485~1488,1491~1503" text="had ... problem with"  />
</TAGS>
</MWE_Annotation_COSI140_v.1.0>