<?xml version="1.0" encoding="UTF-8" ?>

<MWE_Annotation_COSI140_v.1.0>
<TEXT><![CDATA[text-521 reviews-059416-0004: The management was easy to deal with during the planning stages, and the execution by the kitchen and wait staff was flawless.

text-522 reviews-059416-0005: I highly recommend Fraiser's for anyone planning a special event for friends, family or business.

text-523 reviews-062167-0001: Highly Recommend

text-524 reviews-062167-0002: I work as a Transformational Life Coach.

text-525 reviews-062167-0003: Since this is an alternative therapy I always refer clients to a lisenced therapist when I feel that is appropriate.

text-526 reviews-062167-0004: I found her through a colleague one day when one of my clients was in the midst of a panic attack and needed professional help that I am not qualified to provide.

text-527 reviews-062167-0005: Little did I know that I would soon be needing her help as well!

text-528 reviews-062167-0006: She guided me through a very difficult period dealing with a family member's suicide, coupled with elder abuse.

text-529 reviews-062167-0007: I found her to be extremely solid, kind, compassionate, and intuitive as well.

text-530 reviews-062167-0008: I would recommend her highly!

text-531 reviews-063347-0001: a great vacation!

text-532 reviews-063347-0002: We wanted to see the sun - and we also got much more!

text-533 reviews-063347-0003: Excellent chefs are in the kitchen preparing memorable breakfasts.

text-534 reviews-063347-0004: After a train ride over the mountains, we enjoyed hiking in the flower-filled Wenatchee hills (in May) and a very interesting bike ride in a loop around the Columbia River...and then wine if we wanted it on the patio in the evening....

text-535 reviews-063347-0005: This is a busy group of hosts they are also running a restaurant, which also must be wonderful - so just ask for what you need, and I'm sure they will do their best to be hospitable.

text-536 reviews-063549-0001: Best food in northeast

text-537 reviews-063549-0002: Theres a reason why Frank mcclelland was named best chef of the north east reigon.

text-538 reviews-063549-0003: Food here is absolutely superb.

text-539 reviews-063549-0004: Everything is delicous and cooked perfectly.

text-540 reviews-063549-0005: The waiting staff is beyond impeccable (they refold your napkin when you go to the bathroom).

]]></TEXT>
<TAGS>
<FIXED id="F0" spans="377~404" text="Transformational Life Coach"  />
<FIXED id="F1" spans="694~711" text="professional help"  />
<FIXED id="F2" spans="617~624" text="one day"  />
<FIXED id="F3" spans="652~667" text="in the midst of"  />
<FIXED id="F5" spans="835~842" text="as well"  />
<FIXED id="F6" spans="1088~1095" text="as well"  />
<FIXED id="F7" spans="1578~1592" text="Columbia River"  />
<FIXED id="F8" spans="1976~1992" text="Frank mcclelland"  />
<FIXED id="F9" spans="2020~2037" text="north east reigon"  />
<FIXED id="F10" spans="670~682" text="panic attack"  />
<SEMI_FIXED id="S0" spans="57~66" text="deal with"  />
<SEMI_FIXED id="S1" spans="454~473" text="alternative therapy"  />
<SEMI_FIXED id="S2" spans="921~933" text="dealing with"  />
<SEMI_FIXED id="S3" spans="974~985" text="elder abuse"  />
<SEMI_FIXED id="S4" spans="1241~1250" text="wanted to"  />
<FLEXIBLE id="FL0" spans="1839~1841,1848~1852" text="do ... best"  />
</TAGS>
</MWE_Annotation_COSI140_v.1.0>