<?xml version="1.0" encoding="UTF-8" ?>

<MWE_Annotation_COSI140_v.1.0>
<TEXT><![CDATA[text-541 reviews-063549-0006: If you want great food then L'espalier is the place to go.

text-542 reviews-063690-0001: This office is awesome!

text-543 reviews-063690-0002: everyone here is super friendly and efficient!

text-544 reviews-063690-0003: its great to know you can get great service, great product, and for the best price all in one!

text-545 reviews-063690-0004: I've referred everyone i know here and they all feel the same way!!

text-546 reviews-063690-0005: i'll be coming back for years to come!

text-547 reviews-063963-0001: Don't waste your time or money!

text-548 reviews-063963-0002: I took my 3 year old son here at the weekend and to be honest, apart from the shark walkway, I thought it was rubbish and overpriced.

text-549 reviews-063963-0003: Even taking into account the fact that my 3 year old wanted to run most of the way round, it took us just over one hour start to finish.

text-550 reviews-063963-0004: If you have been to the London Aquarium I would not even bother with this.

text-551 reviews-063963-0005: If you are really desperate for something to pass the time and are willing to shell out the best part of £30 for 2 two people then go for it.

text-552 reviews-063963-0006: (For some reason itwill not let me rate it one star - it is not rated 5 by me!)

text-553 reviews-068009-0001: Criminal Attorney Dallas

text-554 reviews-068009-0002: Dallas Criminal Attorney Peter Barrett is absolutely committed to vigorously supporting your rights and achieving a successful outcome.

text-555 reviews-068009-0003: As a qualified criminal defense attorney, he will work every possible legal "angle" (leaving no stone unturned) of your case to achieve the most favorable result possible.

text-556 reviews-068436-0001: The worst Burger King restaurant!!!

text-557 reviews-068436-0002: I generally like the BK over the other fast serving restaurants; however, I regreted to visit this restaurant at my town.

text-558 reviews-068436-0003: This is a shame of my adorable town, Branford.

text-559 reviews-068436-0004: I ordered a kid meal with a milk and found a bottle was half opened already.

text-560 reviews-068436-0005: I asked them to change it but they rudely said that it was okay.

]]></TEXT>
<TAGS>
<FIXED id="F0" spans="336~346" text="all in one"  />
<FIXED id="F1" spans="508~515" text="to come"  />
<FIXED id="F2" spans="896~911" text="start to finish"  />
<FIXED id="F3" spans="968~983" text="London Aquarium"  />
<FIXED id="F4" spans="1415~1428" text="Peter Barrett"  />
<FIXED id="F5" spans="1770~1781" text="Burger King"  />
<FIXED id="F6" spans="689~702" text="shark walkway"  />
<FIXED id="F7" spans="2070~2078" text="kid meal"  />
<FIXED id="F9" spans="660~672" text="to be honest"  />
<FIXED id="F10" spans="674~684" text="apart from"  />
<SEMI_FIXED id="S1" spans="1001~1012" text="bother with"  />
<SEMI_FIXED id="S2" spans="621~631" text="3 year old"  />
<SEMI_FIXED id="S3" spans="818~828" text="3 year old"  />
<SEMI_FIXED id="S4" spans="1095~1108" text="pass the time"  />
<SEMI_FIXED id="S5" spans="1181~1190" text="go for it"  />
<SEMI_FIXED id="S6" spans="1128~1137" text="shell out"  />
<SEMI_FIXED id="S7" spans="1334~1351" text="Criminal Attorney"  />
<SEMI_FIXED id="S8" spans="1397~1414" text="Criminal Attorney"  />
<SEMI_FIXED id="S9" spans="1572~1597" text="criminal defense attorney"  />
<SEMI_FIXED id="S10" spans="1642~1667" text="leaving no stone unturned"  />
<SEMI_FIXED id="S11" spans="781~800" text="taking into account"  />
<SEMI_FIXED id="S0" spans="486~497" text="coming back"  />
<SEMI_FIXED id="S12" spans="829~838" text="wanted to"  />
<SEMI_FIXED id="S13" spans="1113~1127" text="are willing to"  />
<FLEXIBLE id="FL0" spans="1607~1611,1634~1639" text="work ... angle"  />
</TAGS>
</MWE_Annotation_COSI140_v.1.0>