<?xml version="1.0" encoding="UTF-8" ?>

<MWE_Annotation_COSI140_v.1.0>
<TEXT><![CDATA[text-561 reviews-068436-0006: Disgusting french fries is very best menu.

text-562 reviews-068436-0007: Don't go, or you will learn how to waste your money.

text-563 reviews-069995-0001: AMAZING NIGHT- Great Party Spot!!

text-564 reviews-069995-0002: Went to the Willow Lounge this past weekend for dinner and drinks...place is awesome.

text-565 reviews-069995-0003: Had to keep in mind that the A/C broke, I feel bad it was their opening!

text-566 reviews-069995-0004: Anyway, once that is fixed, this place will be amazing.

text-567 reviews-069995-0005: Drinks were awesome, prices reasonable, and staff friendly.

text-568 reviews-069995-0006: This is an awesome date spot that the area SERIOUSLY needs.

text-569 reviews-069995-0007: Check out The Willow Lounge, youll be happy!

text-570 reviews-070730-0001: We decided to try this place last night because we noticed that it had some interesting things on the menu aside from the usual rolls-- live scallop sashimi, duck breast nigiri with foie gras, panko mussels-- but none of these were particularly great or worth the sticker price.

text-571 reviews-070730-0002: Additionally we tried the Logan Circle roll, spicy crab and tuna roll, and sweet potato tempura roll ($15, $10, and $3.75 respectively).

text-572 reviews-070730-0003: The sweet potato tempura roll was actually a great surprise: cheap and delicious, the only thing we tried that I would say was well worth it and a great value (and I never get vegetarian rolls).

text-573 reviews-070730-0004: The other rolls weren't at all special, especially given their pricing.

text-574 reviews-070730-0005: The bottom line is that the food isn't great and is relatively high-priced.

text-575 reviews-070730-0006: The service is solicitous, the atmosphere is nice and mod except the out-of-place flat-screen TV playing football.

text-576 reviews-070730-0007: But I'd go elsewhere unless the prices are cut.

text-577 reviews-070730-0008: It's just not worth it.

text-578 reviews-071278-0001: WOW!!!

text-579 reviews-071278-0002: I can't say enough good things about Karla and the wonderful things she has done for me and my dog Gracee.

text-580 reviews-071278-0003: Gracee is more excited to see her than she is to see me!!!!

]]></TEXT>
<TAGS>
<FIXED id="F0" spans="261~278" text="the Willow Lounge"  />
<FIXED id="F1" spans="753~770" text="The Willow Lounge"  />
<FIXED id="F2" spans="848~858" text="last night"  />
<FIXED id="F3" spans="1001~1010" text="foie gras"  />
<FIXED id="F6" spans="1547~1553" text="at all"  />
<FIXED id="F7" spans="1630~1641" text="bottom line"  />
<FIXED id="F8" spans="1972~1980" text="worth it"  />
<FIXED id="F9" spans="926~936" text="aside from"  />
<FIXED id="F10" spans="1429~1437" text="worth it"  />
<SEMI_FIXED id="S0" spans="41~53" text="french fries"  />
<SEMI_FIXED id="S1" spans="1155~1172" text="Logan Circle roll"  />
<SEMI_FIXED id="S2" spans="1815~1829" text="flat-screen TV"  />
<SEMI_FIXED id="S3" spans="370~376" text="Had to"  />
<FLEXIBLE id="FL0" spans="377~389" text="keep in mind"  />
<FLEXIBLE id="FL1" spans="743~752" text="Check out"  />
<FLEXIBLE id="FL2" spans="1911~1917,1922~1925" text="prices ... cut"  />
</TAGS>
</MWE_Annotation_COSI140_v.1.0>