<?xml version="1.0" encoding="UTF-8" ?>

<MWE_Annotation_COSI140_v.1.0>
<TEXT><![CDATA[text-41 reviews-005636-0003: If you are serious about working out in a non-commercial like atmosphere then you have chosen the best place to be.

text-42 reviews-005636-0004: This is the most humble gym you will every step into.... if you dare to work on your body don't be surprised when you see how addicting going to FITNESS UNLIMITED can be!!

text-43 reviews-006970-0001: Wife and I attempted to adopt a dog and was nothing but frustrating.

text-44 reviews-006970-0002: We arrived Sunday at about 230 and found a do we really liked.

text-45 reviews-006970-0003: We were told that we couldn't today because they were closing soon.

text-46 reviews-006970-0004: I called the next morning to let then know my wife would be driving in.

text-47 reviews-006970-0005: They gave me the run around and missing paperwork only to call back to tell me someone else wanted her and I would need to come in and put down a deposit.

text-48 reviews-006970-0006: I work 2 hours away but offered my card over the phone.

text-49 reviews-006970-0007: They refused.

text-50 reviews-006970-0008: Terrible communication as well.

text-51 reviews-006970-0009: At one point they told me the dog had been fixed, the next day it hadn't.

text-52 reviews-006970-0010: Huge ammount of time wasted time and elevated blood pressure.

text-53 reviews-007403-0001: My counseling practice

text-54 reviews-007403-0002: Hello my name is Vera and I'm writing a review about my own counseling practice in Bellevue, WA. and in Renton WA.

text-55 reviews-007403-0003: I am a licensed mental health counselor and I work with variety of mental health problems.

text-56 reviews-007403-0004: I offer compassionate, approachable and personalized counseling services.

text-57 reviews-007403-0005: My style is compassionate, nonjudgmental, and caring.

text-58 reviews-007403-0006: Please visit my website to learn more about my practice at www.veraakulov.com.

text-59 reviews-007403-0007: I am a preferred provider with most insurance companies.

text-60 reviews-007403-0008: Schedule your first appointment online!

]]></TEXT>
<TAGS>
<FIXED id="F0" spans="320~337" text="FITNESS UNLIMITED"  />
<FIXED id="F1" spans="421~432" text="nothing but"  />
<FIXED id="F2" spans="994~1008" text="over the phone"  />
<FIXED id="F3" spans="1478~1490" text="Bellevue, WA"  />
<FIXED id="F4" spans="1499~1509" text="Renton WA."  />
<FIXED id="F5" spans="1107~1114" text="as well"  />
<SEMI_FIXED id="S0" spans="54~65" text="working out"  />
<SEMI_FIXED id="S1" spans="1556~1579" text="mental health counselor"  />
<SEMI_FIXED id="S2" spans="1607~1620" text="mental health"  />
<SEMI_FIXED id="S3" spans="1965~1983" text="preferred provider"  />
<SEMI_FIXED id="S4" spans="132~143" text="place to be"  />
<SEMI_FIXED id="S5" spans="892~899" text="come in"  />
<FLEXIBLE id="FL0" spans="827~836" text="call back"  />
<FLEXIBLE id="FL2" spans="774~778,782~796" text="gave ... the run around"  />
<FLEXIBLE id="FL3" spans="696~699,705~709" text="let ... know"  />
<FLEXIBLE id="FL4" spans="904~912,915~922" text="put down ... deposit"  />
</TAGS>
</MWE_Annotation_COSI140_v.1.0>