<?xml version="1.0" encoding="UTF-8" ?>

<MWE_Annotation_COSI140_v.1.0>
<TEXT><![CDATA[text-581 reviews-071278-0004: She has always been there for Gracee even for last minute calls!

text-582 reviews-071278-0005: She has taken care of my sweet girl for almost 4 years now and I would not let Gracee go with anyone besides her!!!

text-583 reviews-071278-0006: She is caring, punctual, and very enthusiastic about her job!

text-584 reviews-071278-0007: You should give her a try - it's worth every penny to know that you pet is in GREAT hands with Wunderbar pet sitting!!!!

text-585 reviews-071518-0001: Great, Honest Service

text-586 reviews-071518-0002: I took my 2001 Nissan Frontier in to fix a cracked manifold.

text-587 reviews-071518-0003: The dealer wanted $1300 to fix that and another $1500 to fix some other things.

text-588 reviews-071518-0004: Eagle Transmission determined that much of the work the dealer said needed to be done was unneccesary and what needed to be fixed was only $400!!

text-589 reviews-071518-0005: I was so impressed with the honesty and integrity of Mike and everyone at Eagle Transmission!

text-590 reviews-071518-0006: I dropped the truck off in the morning and it was ready that afternoon.

text-591 reviews-071518-0007: I have finally found a mechanic I trust!!

text-592 reviews-071518-0008: And it was great that they did not charge a service fee to diagnose the problem - an added bonus!!

text-593 reviews-071650-0001: I would NEVER recommend this gym to anyone and unfortunately this is based solely on the owner's own unprofessionalism.

text-594 reviews-071650-0002: When I originally joined in January I only did so because I was told I would be able to cancel the 12 month membership if I was to move away.

text-595 reviews-071650-0003: I signed up with one of the staff who was very pleasant and professional.

text-596 reviews-071650-0004: Actually working out there was good - the machines are nice and the classes are fun.

text-597 reviews-071650-0005: The locker room is certainly lacking - I would never shower or change there.

text-598 reviews-071650-0006: They need to update the locker rooms ASAP.

text-599 reviews-071650-0007: Back to my poor rating - I was excepted to medical school and went in to cancel my membership as I was told I could do since I was moving away.

text-600 reviews-071650-0008: The owner was VERY rude, accused me of not reading my contract, and basically told me to shut up when I was trying to ask questions to further understand the process of canceling my membership.

]]></TEXT>
<TAGS>
<FIXED id="F0" spans="76~87" text="last minute"  />
<FIXED id="F1" spans="399~416" text="worth every penny"  />
<FIXED id="F2" spans="461~482" text="Wunderbar pet sitting"  />
<FIXED id="F4" spans="774~792" text="Eagle Transmission"  />
<FIXED id="F5" spans="1025~1043" text="Eagle Transmission"  />
<SEMI_FIXED id="S0" spans="581~601" text="2001 Nissan Frontier"  />
<SEMI_FIXED id="S1" spans="842~851" text="needed to"  />
<SEMI_FIXED id="S2" spans="885~894" text="needed to"  />
<SEMI_FIXED id="S3" spans="1664~1673" text="move away"  />
<SEMI_FIXED id="S5" spans="1820~1831" text="working out"  />
<SEMI_FIXED id="S6" spans="1931~1942" text="locker room"  />
<SEMI_FIXED id="S7" spans="2040~2047" text="need to"  />
<SEMI_FIXED id="S8" spans="2059~2071" text="locker rooms"  />
<SEMI_FIXED id="S9" spans="2140~2151" text="excepted to"  />
<SEMI_FIXED id="S10" spans="2152~2166" text="medical school"  />
<SEMI_FIXED id="S11" spans="2171~2178" text="went in"  />
<SEMI_FIXED id="S12" spans="2240~2251" text="moving away"  />
<SEMI_FIXED id="S14" spans="2373~2380" text="shut up"  />
<SEMI_FIXED id="S4" spans="1610~1620" text="be able to"  />
<SEMI_FIXED id="S13" spans="1296~1307" text="service fee"  />
<FLEXIBLE id="FL0" spans="1708~1717" text="signed up"  />
<FLEXIBLE id="FL1" spans="45~59" text="been there for"  />
<FLEXIBLE id="FL2" spans="134~147" text="taken care of"  />
<FLEXIBLE id="FL3" spans="377~381,388~391" text="give ... try"  />
<FLEXIBLE id="FL4" spans="441~443,450~455" text="in ... hands"  />
<FLEXIBLE id="FL5" spans="573~577,602~604" text="took ... in"  />
<FLEXIBLE id="FL6" spans="821~825,855~859" text="work ... done"  />
<FLEXIBLE id="FL7" spans="1078~1085,1096~1099" text="dropped ... off"  />
</TAGS>
</MWE_Annotation_COSI140_v.1.0>