<?xml version="1.0" encoding="UTF-8" ?>

<MWE_Annotation_COSI140_v.1.0>
<TEXT><![CDATA[text-601 reviews-071650-0009: I was able to cancel it but only after paying a $50 fee (which the staff person who signed me up stated I would not have to pay if I had proof of moving) and being spoken to in a very belittling manner.

text-602 reviews-071650-0010: I would understand if I was being treated this way by a staff member but the club's actual OWNER?!

text-603 reviews-071650-0011: Bad for business.

text-604 reviews-071650-0012: I was appalled.

text-605 reviews-071650-0013: I will never recommend this gym to any woman.

text-606 reviews-071650-0014: The equipment and classes aren't good enough to deal with the rudeness from the staff!!!

text-607 reviews-071650-0015: There are better places on the Cape - FITNESS 500!

text-608 reviews-072507-0001: Dave is a patient and methodical teacher, who has a great ear and sensitivity for his students' passion and the direction they want their lessons to take.

text-609 reviews-072507-0002: Also, he loves teaching so much, his price is unbeatable, but that does not change his level of skill.

text-610 reviews-072507-0003: Dave has much to offer.

text-611 reviews-072507-0004: In just 2-3 focused lessons, I'm already now capable of picking up new songs off YouTube guitar how to videos and am even writing my own orginals with confidence!

text-612 reviews-072507-0005: ~Jason

text-613 reviews-074896-0001: Excellent service

text-614 reviews-074896-0002: I could easily go to Nordstrom for my designer jeans and pay the same price, but I go to the Garment District for their service.

text-615 reviews-074896-0003: Previous reviewers said they were pushy and I can understand that, but I find the staff more helpful than anything else.

text-616 reviews-074896-0004: Tiffany is fabulous!

text-617 reviews-074896-0005: I came in for alterations (free, by the way) and told her about a stain I had on my new leather purse.

text-618 reviews-074896-0006: She immediately went to the back, brought out leather cleaner and cleaned my purse on the spot.

text-619 reviews-074896-0007: I didn't even buy the bag there!

text-620 reviews-074896-0008: Huge selection and, great suggestions from the staff and they refer you to reliable places if they don't have what you need.

]]></TEXT>
<TAGS>
<FIXED id="F0" spans="725~736" text="FITNESS 500"  />
<FIXED id="F1" spans="1518~1534" text="Garment District"  />
<FIXED id="F2" spans="1822~1832" text="by the way"  />
<FIXED id="F3" spans="2006~2017" text="on the spot"  />
<FIXED id="F4" spans="979~986" text="so much"  />
<SEMI_FIXED id="S0" spans="146~153" text="have to"  />
<SEMI_FIXED id="S1" spans="97~109" text="staff person"  />
<SEMI_FIXED id="S2" spans="320~332" text="staff member"  />
<SEMI_FIXED id="S3" spans="615~624" text="deal with"  />
<SEMI_FIXED id="S4" spans="1225~1253" text="YouTube guitar how to videos"  />
<SEMI_FIXED id="S5" spans="32~43" text="was able to"  />
<FLEXIBLE id="FL0" spans="1791~1798" text="came in"  />
<FLEXIBLE id="FL1" spans="1939~1955" text="went to the back"  />
<FLEXIBLE id="FL3" spans="114~120,124~126" text="signed ... up"  />
<FLEXIBLE id="FL4" spans="827~830,847~850" text="ear ... for"  />
<FLEXIBLE id="FL5" spans="1200~1210" text="picking up"  />
</TAGS>
</MWE_Annotation_COSI140_v.1.0>