<?xml version="1.0" encoding="UTF-8" ?>

<MWE_Annotation_COSI140_v.1.0>
<TEXT><![CDATA[text-621 reviews-076352-0001: Very Accomodating

text-622 reviews-076352-0002: We were in Springfield, IL for a family funeral from Kansas City.

text-623 reviews-076352-0003: We arrived early and the staff was very accomodating to our families and the situation we were in.

text-624 reviews-076352-0004: The rooms were very clean, including the microwave and refrigerator.

text-625 reviews-076352-0005: This is a nice place, and I know we will return to meet my sister-in-law from Chicago!!

text-626 reviews-077298-0001: Had a horrible experience with a manager here, Rachel McInnis, she was rude, inconsiderate and did not do the right thing for an item that was marked incorrectly...

text-627 reviews-077298-0002: I'm not interested in shopping in a place with people like her... she refused to sell me the item at its marked price even after admitting they had made a mistake.

text-628 reviews-077298-0003: I normally don't write reviews but seeing that I considered Dillards a distinguished, upscale place to shop, this one won't be getting my business, nor my family's, nor my co-workers.

text-629 reviews-077298-0004: It's never ok to let a customer walk out unhappy, especially when they are right.

text-630 reviews-077414-0001: Small Firm with Great Service

text-631 reviews-077414-0002: Bloom Legal was really attentive to my problem, and Seth Bloom took the time to help me understand the legal issue I was dealing with.

text-632 reviews-077414-0003: I much preferred the one-on-one service here to the experiences I've had with bigger offices and firms.

text-633 reviews-077414-0004: While I hope I don't have any need for a lawyer anytime soon, if I do I'll definitely use this firm again.

text-634 reviews-079007-0001: Their food and sweets are awesome.

text-635 reviews-079007-0002: But service is very poor.

text-636 reviews-079007-0003: Attitude of staff very bad.

text-637 reviews-079007-0004: Never gives a receipt.

text-638 reviews-079007-0005: Sometimes even gives wrong dish.

text-639 reviews-079007-0006: So confused at the payment area.

text-640 reviews-079007-0007: Line up is so stupid.

]]></TEXT>
<TAGS>
<FIXED id="F0" spans="90~105" text="Springfield, IL"  />
<FIXED id="F1" spans="132~143" text="Kansas City"  />
<FIXED id="F2" spans="572~586" text="Rachel McInnis"  />
<FIXED id="F3" spans="951~962" text="seeing that"  />
<FIXED id="F4" spans="1305~1316" text="Bloom Legal"  />
<FIXED id="F5" spans="1357~1367" text="Seth Bloom"  />
<FIXED id="F6" spans="1654~1666" text="anytime soon"  />
<SEMI_FIXED id="S0" spans="628~646" text="do the right thing"  />
<SEMI_FIXED id="S1" spans="1426~1438" text="dealing with"  />
<SEMI_FIXED id="S2" spans="2108~2115" text="Line up"  />
<FLEXIBLE id="FL0" spans="1163~1171" text="walk out"  />
<FLEXIBLE id="FL1" spans="869~873,876~883" text="made ... mistake"  />
<FLEXIBLE id="FL2" spans="525~528,540~550" text="Had ... experience"  />
<FLEXIBLE id="FL3" spans="1368~1372,1377~1381" text="took ... time"  />
<FLEXIBLE id="FL4" spans="1627~1631,1636~1640" text="have ... need"  />
</TAGS>
</MWE_Annotation_COSI140_v.1.0>