<?xml version="1.0" encoding="UTF-8" ?>

<MWE_Annotation_COSI140_v.1.0>
<TEXT><![CDATA[text-641 reviews-079007-0008: Even if you line up.

text-642 reviews-079007-0009: To make a order you may have to go to back of line.

text-643 reviews-079007-0010: And then wait again.

text-644 reviews-079007-0011: Not organised.

text-645 reviews-079375-0001: Thank you!

text-646 reviews-079375-0002: I recently took a rescue puppy to this Clinic and I was SHOCKED at how well Romeo and My family was treated.

text-647 reviews-079375-0003: They worked around the clock to ensure that my puppy life was saved.

text-648 reviews-079375-0004: We have to leave him at the vet for 3 days and I was told to call for check ups as often as I wished that no matter how many times I called I would not annoy them.

text-649 reviews-079375-0005: lol They where super friendly towards us and treated us like people not walking bags of cash.

text-650 reviews-079375-0006: In this day its rare to find such wonderful people who CARE , Not the kind of want to make cash.

text-651 reviews-079375-0007: I would strongly suggest you give them the chance to prove to you that not all people in this world are evil!

text-652 reviews-079375-0008: I will never go to another vet as long as I have animals.

text-653 reviews-079375-0009: I live nearly two hours away and yet I will still make the drive to see them!

text-654 reviews-079375-0010: Infact I look forward to taking my animals to the vet simply because of how my animals and I are treated.

text-655 reviews-080178-0001: You will be happy at this store!

text-656 reviews-080178-0002: Allen Tire was recommended by friend after my having bad tire experiences in Temecula.

text-657 reviews-080178-0003: The store manager, Jim Smith, made an excellent tire recommendation for my newly acquired Lexus.

text-658 reviews-080178-0004: Tires were the right price and now the car feels like it is riding on rails around turns.

text-659 reviews-080178-0005: The store is clean, run very professionally and a pleasure to be in.

text-660 reviews-080178-0006: They know their job and you do not have to watch them to be sure everything is done right.

]]></TEXT>
<TAGS>
<FIXED id="F0" spans="263~272" text="Thank you"  />
<FIXED id="F1" spans="457~473" text="around the clock"  />
<FIXED id="F2" spans="651~660" text="no matter"  />
<FIXED id="F3" spans="865~876" text="In this day"  />
<FIXED id="F4" spans="1165~1175" text="as long as"  />
<FIXED id="F5" spans="1393~1403" text="because of"  />
<FIXED id="F6" spans="1533~1543" text="Allen Tire"  />
<FIXED id="F7" spans="1670~1679" text="Jim Smith"  />
<SEMI_FIXED id="S0" spans="42~49" text="line up"  />
<SEMI_FIXED id="S1" spans="106~113" text="have to"  />
<SEMI_FIXED id="S2" spans="323~335" text="rescue puppy"  />
<SEMI_FIXED id="S3" spans="548~555" text="have to"  />
<SEMI_FIXED id="S4" spans="615~624" text="check ups"  />
<SEMI_FIXED id="S5" spans="943~950" text="want to"  />
<SEMI_FIXED id="S8" spans="1341~1356" text="look forward to"  />
<SEMI_FIXED id="S9" spans="1839~1854" text="riding on rails"  />
<SEMI_FIXED id="S10" spans="2035~2042" text="have to"  />
<FLEXIBLE id="FL0" spans="85~89,92~97" text="make ... order"  />
<FLEXIBLE id="FL1" spans="1579~1585,1595~1606" text="having ... experiences"  />
<FLEXIBLE id="FL2" spans="1681~1685,1704~1718" text="made ... recommendation"  />
<FLEXIBLE id="FL3" spans="951~960" text="make cash"  />
<FLEXIBLE id="FL4" spans="1273~1277,1282~1287" text="make ... drive"  />
</TAGS>
</MWE_Annotation_COSI140_v.1.0>