<?xml version="1.0" encoding="UTF-8" ?>

<MWE_Annotation_COSI140_v.1.0>
<TEXT><![CDATA[text-661 reviews-080221-0001: Hino Dealer of the Year

text-662 reviews-080221-0002: Congratulations  Prestige Hino!

text-663 reviews-080221-0003: You have been awarded the converted Hino Dealer of the Year!

text-664 reviews-080221-0004: Each of you should be proud of your massive contributions throughout the year!

text-665 reviews-080221-0005: Major Awards – Overall Hino dealer of the year.

text-666 reviews-080221-0006: Overall Hino finance dealer of the year.

text-667 reviews-080221-0007: Major Awards – Market leader overall, Dandenong PMA, sales.

text-668 reviews-080221-0008: Market leader medium duty, sales.

text-669 reviews-080221-0009: Well done to Anthony and the team!

text-670 reviews-080221-0010: Bronze award service excellence, metro.

text-671 reviews-080221-0011: Well done to Brendan and the team!

text-672 reviews-080221-0012: Gold award parts excellence, metro.

text-673 reviews-080221-0013: Well done to Jason and the team!

text-674 reviews-081796-0001: Exile is the best!!!

text-675 reviews-081796-0002: Exile is the longest lasting and most authentic punk store in Richmond!

text-676 reviews-081796-0003: I have been shopping there for over six years now.

text-677 reviews-081796-0004: The staff is incredibly friendly and helpful and the owner, Mimmy, is an absolute angel.

text-678 reviews-081796-0005: The mark up is minimal considering that the clothing is hard to find and often shipped for Europe.

text-679 reviews-081796-0006: In addition, the clothing is of much better quality than the clothing from hot topic, which is made as cheaply as possible by people living in horrible conditions in Asia.

text-680 reviews-081796-0007: Exile is environmentally conscious and involved heavily in our community.

]]></TEXT>
<TAGS>
<FIXED id="F0" spans="30~54" text="Hino Dealer of the Year "  />
<FIXED id="F1" spans="101~114" text="Prestige Hino"  />
<FIXED id="F2" spans="183~206" text="Hino Dealer of the Year"  />
<FIXED id="F3" spans="364~395" text="Overall Hino dealer of the year"  />
<FIXED id="F4" spans="428~467" text="Overall Hino finance dealer of the year"  />
<FIXED id="F5" spans="656~665" text="Well done"  />
<FIXED id="F6" spans="722~734" text="Bronze award"  />
<FIXED id="F7" spans="793~802" text="Well done"  />
<FIXED id="F8" spans="859~869" text="Gold award"  />
<FIXED id="F9" spans="926~935" text="Well done"  />
<FIXED id="F10" spans="1477~1488" text="In addition"  />
<FIXED id="F11" spans="1552~1561" text="hot topic"  />
<FIXED id="F12" spans="591~604" text="Market leader"  />
<FIXED id="F13" spans="515~528" text="Market leader"  />
<FIXED id="F14" spans="870~886" text="parts excellence"  />
<SEMI_FIXED id="S0" spans="1351~1358" text="mark up"  />
<FLEXIBLE id="FL0" spans="1577~1579,1588~1599" text="as ... as possible"  />
</TAGS>
</MWE_Annotation_COSI140_v.1.0>