<?xml version="1.0" encoding="UTF-8" ?>

<MWE_Annotation_COSI140_v.1.0>
<TEXT><![CDATA[text-681 reviews-081796-0008: Shop local at Exile!!

text-682 reviews-081934-0001: Liquidweb.com Rocks!!!

text-683 reviews-081934-0002: I am not a client of liquidweb.com, but one of my friend called Steven is the client having several websites.

text-684 reviews-081934-0003: I work with him and since past 6 years he is hosting his websites to Liquidweb.

text-685 reviews-081934-0004: As I have gone through many reviews sites to see if any provider is providing better services or not, and I have realized that there were many good reviews about Liquidweb also Steven never faced any server issues in his whole hosting.

text-686 reviews-081934-0005: The kind of support they provide is simply great!!!

text-687 reviews-081934-0006: I would like to host my upcoming website to Liquidweb.com

text-688 reviews-083454-0001: I didn't end up buying my car here, but I did think the guy who worked with me was pretty cool - he was willing to budge a little on the price which means a lot to me.

text-689 reviews-083454-0002: Also they will fill your tires with air and other small maintenance tasks for free, even if you didn't buy your car there!

text-690 reviews-083459-0001: They don't seem to be interested in selling cars.

text-691 reviews-083459-0002: Went there yesterday: we are trying to decide between two different Honda models, so we wanted to test-drive both back to back.

text-692 reviews-083459-0003: The salesperson refused!

text-693 reviews-083459-0004: Claimed he was too busy for two test drives.

text-694 reviews-083459-0005: We were the only customers there!

text-695 reviews-083459-0006: Don't waste time, just drive 10 minutes more down to Stevens Creek, they actually do try to help their customers there!

text-696 reviews-084373-0001: We are very pleased with the services of First Glass Window.

text-697 reviews-084373-0002: Our window panes were so dirty that they needed a specialist to come and clean them.

text-698 reviews-084373-0003: We called few companies before we decide to hire them.

text-699 reviews-084373-0004: They came on time and completed their work quickly.

text-700 reviews-084373-0005: We were very happy how clean looked our windows.

]]></TEXT>
<TAGS>
<FIXED id="F0" spans="1101~1109" text="for free"  />
<FIXED id="F1" spans="1111~1118" text="even if"  />
<FIXED id="F2" spans="1376~1388" text="back to back"  />
<FIXED id="F3" spans="1671~1684" text="Stevens Creek"  />
<FIXED id="F4" spans="1810~1828" text="First Glass Window"  />
<FIXED id="F5" spans="2073~2080" text="on time"  />
<FIXED id="F6" spans="1781~1793" text="pleased with"  />
<SEMI_FIXED id="S0" spans="30~40" text="Shop local"  />
<SEMI_FIXED id="S1" spans="280~289" text="work with"  />
<SEMI_FIXED id="S2" spans="399~411" text="gone through"  />
<SEMI_FIXED id="S5" spans="892~903" text="worked with"  />
<SEMI_FIXED id="S6" spans="977~988" text="means a lot"  />
<SEMI_FIXED id="S7" spans="1350~1359" text="wanted to"  />
<SEMI_FIXED id="S8" spans="1509~1520" text="test drives"  />
<SEMI_FIXED id="S9" spans="1865~1877" text="window panes"  />
<SEMI_FIXED id="S4" spans="741~754" text="would like to"  />
<SEMI_FIXED id="S10" spans="837~843" text="end up"  />
<SEMI_FIXED id="S11" spans="928~942" text="was willing to"  />
<FLEXIBLE id="FL0" spans="579~584,596~602" text="faced ... issues"  />
<FLEXIBLE id="FL2" spans="943~948,958~960" text="budge ... on"  />
<FLEXIBLE id="FL3" spans="1624~1634" text="waste time"  />
</TAGS>
</MWE_Annotation_COSI140_v.1.0>