<?xml version="1.0" encoding="UTF-8" ?>

<MWE_Annotation_COSI140_v.1.0>
<TEXT><![CDATA[text-701 reviews-084373-0006: If you have some problems with your windows, you should call them.

text-702 reviews-085424-0001: Cathy ******Five Stars for Lake Forest Tots.

text-703 reviews-085424-0002: The program has been a postive experience for my children.

text-704 reviews-085424-0003: I have had all three of my children attend Lake Forest Tots.

text-705 reviews-085424-0004: The program is well established and we have been extremely satisfied with the teachers, the programs and the director.

text-706 reviews-085424-0005: Good job, Lake Forest Tots!

text-707 reviews-085980-0001: After recently relocating to South Bend, we were looking for a delicious, fun, yet elegant establishment for New Years Eve dinner.

text-708 reviews-085980-0002: We were disappointed with this holiday dinner due to the overall flavor and price of the meal, and accessibility to the Jazz Club.

text-709 reviews-085980-0003: The meal was extremely overpriced and lacked flavor, especially for being a special NYE menu.

text-710 reviews-085980-0004: The limited menu had few appetizing options and the NYE special packages were way overpriced.

text-711 reviews-085980-0005: After our meal, our server found us a table in the jazz club where we were informed it would be another $10/person to stay and listen to the band, despite the fact we had just finished a dinner there and were intending to enjoy their drink list.

text-712 reviews-085980-0006: This was a less than impressive experience at Trio's.

text-713 reviews-086839-0001: Terrible Service

text-714 reviews-086839-0002: One of the worst experiences I've ever had with a auto repair shop.

text-715 reviews-086839-0003: We took our vehicle in for a repair to the air conditioning.

text-716 reviews-086839-0004: Approx 4 months later, the compressor went out.

text-717 reviews-086839-0005: We took it back in to have it repaired again, and less than a week later the second compressor went out.

text-718 reviews-086839-0006: We went in for a third visit and they fixed it again, but this time when we picked up the car, the radio and clock did not work.

text-719 reviews-086839-0007: So for the 4th time in 5 months and the third time in 2 weeks, we brought the car back again.

text-720 reviews-086839-0008: When we expressed our discontent to the manager (that's right, the manager), did he say he would return some money, did he say he would give a discount on our next visit, did he just say "I'm sorry".

]]></TEXT>
<TAGS>
<FIXED id="F0" spans="155~171" text="Lake Forest Tots"  />
<FIXED id="F1" spans="337~353" text="Lake Forest Tots"  />
<FIXED id="F2" spans="445~459" text="satisfied with"  />
<FIXED id="F3" spans="536~544" text="Good job"  />
<FIXED id="F4" spans="546~562" text="Lake Forest Tots"  />
<FIXED id="F5" spans="624~634" text="South Bend"  />
<FIXED id="F6" spans="704~717" text="New Years Eve"  />
<FIXED id="F7" spans="765~782" text="disappointed with"  />
<FIXED id="F9" spans="1457~1466" text="less than"  />
<FIXED id="F10" spans="1899~1908" text="less than"  />
<FIXED id="F11" spans="877~886" text="Jazz Club"  />
<FIXED id="F8" spans="2458~2467" text="I&apos;m sorry"  />
<SEMI_FIXED id="S0" spans="1721~1737" text="air conditioning"  />
<SEMI_FIXED id="S1" spans="644~655" text="looking for"  />
<SEMI_FIXED id="S3" spans="788~802" text="holiday dinner"  />
<SEMI_FIXED id="S4" spans="1220~1229" text="jazz club"  />
<SEMI_FIXED id="S5" spans="1403~1413" text="drink list"  />
<SEMI_FIXED id="S2" spans="1808~1816" text="went out"  />
<SEMI_FIXED id="S7" spans="1944~1952" text="went out"  />
<FLEXIBLE id="FL1" spans="37~41,47~60" text="have ... problems with"  />
<FLEXIBLE id="FL2" spans="305~308,315~317" text="all ... of"  />
<FLEXIBLE id="FL3" spans="1681~1685,1698~1700" text="took ... in"  />
<FLEXIBLE id="FL4" spans="1852~1856,1865~1867" text="took ... in"  />
<FLEXIBLE id="FL6" spans="1988~1995" text="went in"  />
<FLEXIBLE id="FL7" spans="2061~2070" text="picked up"  />
<FLEXIBLE id="FL8" spans="2211~2218,2227~2231" text="brought ... back"  />
<FLEXIBLE id="FL10" spans="1871~1875,1879~1887" text="have ... repaired"  />
<FLEXIBLE id="FL11" spans="2406~2410,2413~2421" text="give ... discount"  />
</TAGS>
</MWE_Annotation_COSI140_v.1.0>