<?xml version="1.0" encoding="UTF-8" ?>

<MWE_Annotation_COSI140_v.1.0>
<TEXT><![CDATA[text-721 reviews-086839-0009: Nope, none of the above.

text-722 reviews-086839-0010: He stood there and told us how he wasn't at fault.

text-723 reviews-086839-0011: It was the fault of the parts supplier, and can we imagine how he felt having to put another 2 hours of work in the car.

text-724 reviews-086839-0012: And what did we expect...that he bench test every part.

text-725 reviews-086839-0013: At no time during the conversation did the words, "I'm sorry" ever come out of his mouth.

text-726 reviews-086839-0014: I, nor anyone else in my family, will ever go to Sun Devil Auto again.

text-727 reviews-086839-0015: Well, unless of course the third compressor he put in the car goes out.

text-728 reviews-090136-0001: simple but perfect

text-729 reviews-090136-0002: IF you want flashy fancy food stacked high with lots of fussy garnishes, this is not the place for you.

text-730 reviews-090136-0003: If you want perfectly executed simple dishes that feature a few exquisite ingredients, you'll love Vetri.

text-731 reviews-090136-0004: Hands-down the best pasta and gnocchi I've ever eaten (and I've eaten a lot).

text-732 reviews-090136-0005: The antipasti were amazing, the wines were mind-blowing, the service couldn't have been better.

text-733 reviews-090136-0006: I've dined at lots of high-end restaurants and I've never before felt my money was so well spent.

text-734 reviews-090643-0001: Outstanding service & quality at a very affordable price!

text-735 reviews-090643-0002: This place is top notch and highly affordable!

text-736 reviews-090643-0003: I would recommend it hands down and am a loyal customer.

text-737 reviews-090643-0004: I've also sent over a number of friends to use the services here and everyone is extraordinarily pleased!

text-738 reviews-090643-0005: Thanks for doing such great work on my important pieces of clothing that always look great!

text-739 reviews-091704-0001: Oil Change Disaster

text-740 reviews-091704-0002: My wife had taken her '07 Ford Fusion in for a routine oil change.

]]></TEXT>
<TAGS>
<FIXED id="F0" spans="36~53" text="none of the above"  />
<FIXED id="F1" spans="127~135" text="at fault"  />
<FIXED id="F2" spans="577~591" text="Sun Devil Auto"  />
<FIXED id="F3" spans="643~652" text="of course"  />
<FIXED id="F4" spans="831~838" text="lots of"  />
<FIXED id="F5" spans="976~981" text="a few"  />
<FIXED id="F6" spans="1125~1130" text="a lot"  />
<FIXED id="F7" spans="1343~1355" text="never before"  />
<FIXED id="F8" spans="1523~1532" text="top notch"  />
<FIXED id="F9" spans="1608~1618" text="hands down"  />
<FIXED id="F10" spans="2008~2023" text="&apos;07 Ford Fusion"  />
<FIXED id="F11" spans="458~467" text="I&apos;m sorry"  />
<FIXED id="F12" spans="1305~1312" text="lots of"  />
<SEMI_FIXED id="S0" spans="239~248" text="having to"  />
<SEMI_FIXED id="S1" spans="353~363" text="bench test"  />
<SEMI_FIXED id="S2" spans="813~825" text="stacked high"  />
<SEMI_FIXED id="S3" spans="1861~1879" text="pieces of clothing"  />
<SEMI_FIXED id="S4" spans="2041~2051" text="oil change"  />
<SEMI_FIXED id="S5" spans="692~700" text="goes out"  />
<SEMI_FIXED id="S6" spans="474~485" text="come out of"  />
<FLEXIBLE id="FL0" spans="1695~1706" text="a number of"  />
<FLEXIBLE id="FL2" spans="249~252,272~279" text="put ... work in"  />
<FLEXIBLE id="FL5" spans="1685~1694" text="sent over"  />
<FLEXIBLE id="FL6" spans="1823~1828,1840~1844" text="doing ... work"  />
<FLEXIBLE id="FL7" spans="1998~2003,2024~2026" text="taken ... in"  />
</TAGS>
</MWE_Annotation_COSI140_v.1.0>