<?xml version="1.0" encoding="UTF-8" ?>

<MWE_Annotation_COSI140_v.1.0>
<TEXT><![CDATA[text-741 reviews-091704-0003: A couple days after the oil change, the engine ran rough, the low oil pressure light would come on sporadically, and the engine would whir loudly.

text-742 reviews-091704-0004: Turns out the engine had no oil, and when oil was put it, it would just run out of the filter.

text-743 reviews-091704-0005: There could have (hopefully doesn't have) major damage to the engine.

text-744 reviews-091704-0006: All of this started after their oil change.

text-745 reviews-091704-0007: Once they realized their mistake they sent a mechanic and tow truck to my wife's work and towed it back to fix it.

text-746 reviews-091704-0008: I would not recommend this shop for anything, not even something as simple as an oil change.

text-747 reviews-091704-0009: Plus they will overcharge you for just about everything, and smile while doing it.

text-748 reviews-093655-0001: HORRIBLE SERVICE AND FOOD

text-749 reviews-093655-0002: not only is this place too expensive for what it is, its horrible!

text-750 reviews-093655-0003: In the past, I got a steak and there was more fat and rough pieces than there was good steak (and this was the sirloin!), the sides were drenched with butter and the salad was a little on the brown side.

text-751 reviews-093655-0004: Today we went for a party (during lunch, so the place was empty) with about 25 other people.

text-752 reviews-093655-0005: It took over 1.5 hours for our food to come out and by that time my 8 month old had it!

text-753 reviews-093655-0006: Does it seriously take that long for a soup and salad?

text-754 reviews-093655-0007: I was a waitress for years and a key rule is to serve customers with small children before others, as I was the last to get my food.

text-755 reviews-093655-0008: I would NOT recommend having a party here or even going here.

text-756 reviews-093655-0009: Texas Roadhouse is WAY better!!

text-757 reviews-094189-0001: Needs to go out of business

text-758 reviews-094189-0002: They close whenever they feel like it, often well before their listed closing time.

text-759 reviews-094189-0003: Their store is dusty, dirty and feels like you're stepping into the 1970s.

text-760 reviews-094189-0004: They don't take coupons.

]]></TEXT>
<TAGS>
<FIXED id="F0" spans="30~38" text="A couple"  />
<FIXED id="F1" spans="702~710" text="not even"  />
<FIXED id="F2" spans="814~824" text="just about"  />
<FIXED id="F3" spans="951~959" text="not only"  />
<FIXED id="F4" spans="1870~1885" text="Texas Roadhouse"  />
<FIXED id="F5" spans="1225~1233" text="a little"  />
<SEMI_FIXED id="S0" spans="54~64" text="oil change"  />
<SEMI_FIXED id="S1" spans="92~114" text="low oil pressure light"  />
<SEMI_FIXED id="S2" spans="208~217" text="Turns out"  />
<SEMI_FIXED id="S3" spans="467~477" text="oil change"  />
<SEMI_FIXED id="S4" spans="568~577" text="tow truck"  />
<SEMI_FIXED id="S5" spans="737~747" text="oil change"  />
<SEMI_FIXED id="S6" spans="1942~1960" text="go out of business"  />
<SEMI_FIXED id="S7" spans="2017~2026" text="feel like"  />
<SEMI_FIXED id="S8" spans="2139~2149" text="feels like"  />
<SEMI_FIXED id="S9" spans="121~128" text="come on"  />
<SEMI_FIXED id="S10" spans="280~287" text="run out"  />
<SEMI_FIXED id="S11" spans="1447~1455" text="come out"  />
<SEMI_FIXED id="S12" spans="1933~1941" text="Needs to"  />
<FLEXIBLE id="FL3" spans="721~723,731~733" text="as ... as"  />
<FLEXIBLE id="FL4" spans="1234~1236,1247~1251" text="on ... side"  />
<FLEXIBLE id="FL6" spans="346~350,382~388" text="have ... damage"  />
</TAGS>
</MWE_Annotation_COSI140_v.1.0>