<?xml version="1.0" encoding="UTF-8" ?>

<MWE_Annotation_COSI140_v.1.0>
<TEXT><![CDATA[text-761 reviews-094189-0005: They have a credit card minimum.

text-762 reviews-094189-0006: This place is the opposite of QuikTrip: crappy in every way.

text-763 reviews-094621-0001: Disatisfied customer, I went through Kitchen Aid and used one of their recommended vendors.

text-764 reviews-094621-0002: A&E came out, charged $129 fee just to walk in the door.

text-765 reviews-094621-0003: I needed a part for my appliance, the cost was very high so I said never mind, paid the fee and called a local business for a second quote.

text-766 reviews-094621-0004: The second vendor charged $55 (less than half of what A&E charges) to come and applied that to the price of the repair service (which A&E does not).

text-767 reviews-094621-0005: Their quote came in at half the price of A&E for the same work and same part.

text-768 reviews-094621-0006: Seems to me like A&E charges way more than necessary!

text-769 reviews-094621-0007: Very disappointed in Kitchen Aid as well, I thought that they pre-screened their vendors for price and quality of work, obviously they do not!

text-770 reviews-095040-0001: Extremely helpful and professional

text-771 reviews-095040-0002: As first-time home buyers, my husband and I found Stephanie Fairchild at Prudential Steamboat Realty, extremely helpful.

text-772 reviews-095040-0003: She worked with us for over a year, helping us find our perfect home.

text-773 reviews-095040-0004: Stephanie's knowledge of the market and properties in our price range, made us feel secure in our decision to buy when we did.

text-774 reviews-095040-0005: We would highly recommend Stephanie to anyone looking for a home in the Yampa Valley.

text-775 reviews-095040-0006: We appreciated her patience, knowledge and kindness!

text-776 reviews-095523-0001: GREAT SERVICE AND PEOPLE!!

text-777 reviews-095523-0002: Deb Watson is the contact person and she and the rest of the staff were great!!!

text-778 reviews-095523-0003: She continues to help me when needed even if I have a service question.

text-779 reviews-095523-0004: Since I'm usually at work late Deb has stayed around to help me out when needed.

text-780 reviews-095523-0005: This was after I brought the car!!!!!

]]></TEXT>
<TAGS>
<FIXED id="F0" spans="223~234" text="Kitchen Aid"  />
<FIXED id="F1" spans="464~474" text="never mind"  />
<FIXED id="F2" spans="599~608" text="less than"  />
<FIXED id="F3" spans="890~899" text="more than"  />
<FIXED id="F4" spans="963~974" text="Kitchen Aid"  />
<FIXED id="F5" spans="975~982" text="as well"  />
<FIXED id="F6" spans="1232~1251" text="Stephanie Fairchild"  />
<FIXED id="F7" spans="1255~1282" text="Prudential Steamboat Realty"  />
<FIXED id="F8" spans="1665~1677" text="Yampa Valley"  />
<FIXED id="F9" spans="1852~1862" text="Deb Watson"  />
<FIXED id="F10" spans="2001~2008" text="even if"  />
<SEMI_FIXED id="S0" spans="42~61" text="credit card minimum"  />
<SEMI_FIXED id="S1" spans="210~222" text="went through"  />
<SEMI_FIXED id="S2" spans="1338~1349" text="worked with"  />
<SEMI_FIXED id="S3" spans="1639~1650" text="looking for"  />
<SEMI_FIXED id="S4" spans="1493~1504" text="price range"  />
<SEMI_FIXED id="S5" spans="1870~1884" text="contact person"  />
<SEMI_FIXED id="S6" spans="2106~2119" text="stayed around"  />
<SEMI_FIXED id="S7" spans="313~321" text="came out"  />
<SEMI_FIXED id="S8" spans="760~767" text="came in"  />
<FLEXIBLE id="FL0" spans="348~355" text="walk in"  />
<FLEXIBLE id="FL3" spans="1226~1231,1294~1301" text="found ... helpful"  />
<FLEXIBLE id="FL4" spans="2123~2127,2131~2134" text="help ... out"  />
</TAGS>
</MWE_Annotation_COSI140_v.1.0>