<?xml version="1.0" encoding="UTF-8" ?>

<MWE_Annotation_COSI140_v.1.0>
<TEXT><![CDATA[text-61 reviews-007403-0009: I would appreciate reviews from anyone who has worked with me before in the mental health setting.

text-62 reviews-008585-0001: The best there is in service.

text-63 reviews-008585-0002: I was recently traveling down I-24 from Nashville with my 3 young children and had a blowout on the southeast side of Murfreesboro.

text-64 reviews-008585-0003: It was 4:50 when a friend told me to call Bud, he would take care of me.

text-65 reviews-008585-0004: Not only did they answer the phone at 4:50 on a Thursday, they hit the ground moving!.

text-66 reviews-008585-0005: They tracked down the only tire that fit my BMW330i in Murfreesboro within minutes and secured it, then they came out, took off my tire (it was a runflat - but runflats don't do you any good if they blow out), and brought it to their shop to change the tire.

text-67 reviews-008585-0006: They were back quickly considering how far outside of Murfreesboro we were and had us on our way by 6:30 that evening.

text-68 reviews-008585-0007: Thanks Bud for all of your help and taking time away from your family that evening.

text-69 reviews-008585-0008: It's without a doubt, the best service experience I've ever had and just to be clear, the price he charged me was the same as my tire guy in Nashville's price for putting on the other rear tire.

text-70 reviews-008585-0009: I hope I can return the favor in the future!

text-71 reviews-008585-0010: Alan Grissom

text-72 reviews-009596-0001: awful awful awful

text-73 reviews-009596-0002: This store is by far the worst Verizon store I've been in.

text-74 reviews-009596-0003: The salespeople are never available, the lines are always too long, and all the people want is a sale.

text-75 reviews-009596-0004: Incredibly rude and I will not return to it.

text-76 reviews-009596-0005: Is there no other Verizon to go to around Downtown/Dupont Circle1?!?!?

text-77 reviews-009970-0001: BEST CHINESE RESTAURANT EVER!!!

text-78 reviews-009970-0002: It was the best Chinese food I have ever had.

text-79 reviews-009970-0003: All the food tasted excellent, and with the new renovation of chairs and the bathroom, it is awesome.

text-80 reviews-009970-0004: The people working their are also extremely polite and friendly.

]]></TEXT>
<TAGS>
<FIXED id="F0" spans="546~567" text="hit the ground moving"  />
<FIXED id="F1" spans="1157~1172" text="without a doubt"  />
<FIXED id="F3" spans="1452~1464" text="Alan Grissom"  />
<FIXED id="F4" spans="1557~1563" text="by far"  />
<FIXED id="F5" spans="1882~1904" text="Downtown/Dupont Circle"  />
<FIXED id="F8" spans="1225~1236" text="to be clear"  />
<SEMI_FIXED id="S0" spans="1946~1964" text="CHINESE RESTAURANT"  />
<SEMI_FIXED id="S1" spans="2019~2031" text="Chinese food"  />
<SEMI_FIXED id="S2" spans="76~87" text="worked with"  />
<SEMI_FIXED id="S3" spans="501~517" text="answer the phone"  />
<SEMI_FIXED id="S5" spans="1281~1289" text="tire guy"  />
<SEMI_FIXED id="S6" spans="1390~1406" text="return the favor"  />
<SEMI_FIXED id="S4" spans="105~118" text="mental health"  />
<SEMI_FIXED id="S8" spans="709~717" text="came out"  />
<SEMI_FIXED id="S9" spans="1336~1345" text="rear tire"  />
<FLEXIBLE id="FL0" spans="436~448" text="take care of"  />
<FLEXIBLE id="FL1" spans="799~807" text="blow out"  />
<FLEXIBLE id="FL2" spans="1074~1085" text="taking time"  />
<FLEXIBLE id="FL3" spans="297~300,303~310" text="had ... blowout"  />
<FLEXIBLE id="FL4" spans="719~727" text="took off"  />
<FLEXIBLE id="FL7" spans="975~977,982~985" text="on ... way"  />
<FLEXIBLE id="FL8" spans="1315~1325" text="putting on"  />
<FLEXIBLE id="FL9" spans="1869~1874" text="go to"  />
<FLEXIBLE id="FL10" spans="605~617" text="tracked down"  />
<FLEXIBLE id="FL11" spans="775~777,786~790" text="do ... good"  />
</TAGS>
</MWE_Annotation_COSI140_v.1.0>