<?xml version="1.0" encoding="UTF-8" ?>

<MWE_Annotation_COSI140_v.1.0>
<TEXT><![CDATA[text-781 reviews-095523-0006: Service does not get any better!!!!

text-782 reviews-100592-0001: Top range of bike, cheap prices, excellent a+++

text-783 reviews-100592-0002: yep they fixeded my thumpstar in 1 day.

text-784 reviews-100592-0003: it wasent going an had a gear box problem....

text-785 reviews-100592-0004: i coldn't find anywere else local to fix it so i took it there and they fixed it for $150...

text-786 reviews-100592-0005: thanks guys goes really well and thaks 4 the cheap price..

text-787 reviews-100592-0006: excellent, top guys a+++++ reccommend to anyone!!!!!!!!!!

text-788 reviews-101398-0001: Disappointed

text-789 reviews-101398-0002: The Bad: I was at Napa recently and was unpleasantly surprised at poor waiter svce and subpar food.

text-790 reviews-101398-0003: We were a party of 4 and none of us were particularly pleased with our dishes.

text-791 reviews-101398-0004: Napa is all about wine but gives very short descriptions of the wines on their lists.

text-792 reviews-101398-0005: I found my initial selection satisfactory but the wine flight we chose to be poorly composed.

text-793 reviews-101398-0006: If you must go ask lots of questions about your selections since your expectations may as high as mine were.

text-794 reviews-101972-0001: Poor service

text-795 reviews-101972-0002: If you like the drama described in popular sitcom 'Seinfeld', you will see it here.

text-796 reviews-101972-0003: We signed our name in about 6:00pm.

text-797 reviews-101972-0004: There were 3 names before us.

text-798 reviews-101972-0005: The greeter said there was about 15 minutes waiting.

text-799 reviews-101972-0006: However, we waited and waited and in the mean time, saw 4 groups of people simply just paraded in without signing there names.

text-800 reviews-101972-0007: This sign in policy is posted by the restaurant “no reservation, sign your name here”.

]]></TEXT>
<TAGS>
<FIXED id="F0" spans="724~736" text="surprised at"  />
<FIXED id="F1" spans="856~868" text="pleased with"  />
<FIXED id="F2" spans="920~929" text="all about"  />
<FIXED id="F3" spans="1173~1180" text="lots of"  />
<FIXED id="F4" spans="1699~1715" text="in the mean time"  />
<SEMI_FIXED id="S0" spans="272~280" text="gear box"  />
<FLEXIBLE id="FL0" spans="47~50,55~61" text="get ... better"  />
<FLEXIBLE id="FL2" spans="1241~1243,1249~1251" text="as ... as"  />
<FLEXIBLE id="FL3" spans="1456~1462,1472~1474" text="signed ... in"  />
<FLEXIBLE id="FL4" spans="1752~1762" text="paraded in"  />
<FLEXIBLE id="FL5" spans="1828~1835" text="sign in"  />
</TAGS>
</MWE_Annotation_COSI140_v.1.0>