<?xml version="1.0" encoding="UTF-8" ?>

<MWE_Annotation_COSI140_v.1.0>
<TEXT><![CDATA[text-801 reviews-101972-0008: I had to ask the greeter, he explained his reasons with broken English.

text-802 reviews-101972-0009: I could not understand any his reasons.

text-803 reviews-101972-0010: I could only take it as they would seat the people they know first.

text-804 reviews-101972-0011: My conclusion is that you should only go there if you want to wait a least an hour and see all kinds other people being seated before you.

text-805 reviews-103952-0001: Great

text-806 reviews-103952-0002: This is a perfect place to get your hair done.

text-807 reviews-103952-0003: I have gone there time and time again whenever I need to get my hair done or when I want a haircut.

text-808 reviews-103952-0004: When I get my hair done there, they use enough hairstyling products while it does not ruin your hair.

text-809 reviews-103952-0005: The service is great and during weekends it tends to get busy, but the wait is worthwhile.

text-810 reviews-105518-0001: Great experience - consider checking out their puppies before buying from a breeder!

text-811 reviews-105518-0002: I adopted a 3.5 month old yellow lab last winter from the Dumb Friends League.

text-812 reviews-105518-0003: The staff was very helpful in finding the right dog for me and the care my pup received was outstanding.

text-813 reviews-105518-0004: If you are on the lookout for a pure breed pup don't forget to check out the shelters!

text-814 reviews-105518-0005: My pup has a wonderful temperment and has been a wonderful addition to my family!

text-815 reviews-106150-0001: We love Little Farmer

text-816 reviews-106150-0002: We attend LFTD and our children LOVE it!!

text-817 reviews-106150-0003: They even want to go to school on the weekends!!

text-818 reviews-106150-0004: They are preparing my older son for kindergarten and looks forward to seeing his teacher and friends everyday.

text-819 reviews-106150-0005: My infant is content everyday when I drop off and pick up.

text-820 reviews-107692-0001: Long Lines, Silly Rules, Rude Staff, Ok Food

]]></TEXT>
<TAGS>
<FIXED id="F0" spans="370~377" text="a least"  />
<FIXED id="F1" spans="606~625" text="time and time again"  />
<FIXED id="F2" spans="1148~1167" text="Dumb Friends League"  />
<FIXED id="F3" spans="1575~1588" text="Little Farmer"  />
<SEMI_FIXED id="S0" spans="1343~1365" text="are on the lookout for"  />
<SEMI_FIXED id="S1" spans="32~38" text="had to"  />
<SEMI_FIXED id="S2" spans="357~364" text="want to"  />
<SEMI_FIXED id="S3" spans="637~644" text="need to"  />
<SEMI_FIXED id="S5" spans="896~904" text="tends to"  />
<SEMI_FIXED id="S6" spans="1116~1126" text="yellow lab"  />
<SEMI_FIXED id="S7" spans="1703~1710" text="want to"  />
<SEMI_FIXED id="S8" spans="1711~1723" text="go to school"  />
<SEMI_FIXED id="S9" spans="1826~1842" text="looks forward to"  />
<FLEXIBLE id="FL0" spans="537~540,551~555" text="get ... done"  />
<FLEXIBLE id="FL1" spans="645~648,657~661" text="get ... done"  />
<FLEXIBLE id="FL2" spans="726~729,738~742" text="get ... done"  />
<FLEXIBLE id="FL3" spans="1002~1014" text="checking out"  />
<FLEXIBLE id="FL4" spans="1399~1408" text="check out"  />
<FLEXIBLE id="FL5" spans="1952~1960" text="drop off"  />
<FLEXIBLE id="FL6" spans="1965~1972" text="pick up"  />
</TAGS>
</MWE_Annotation_COSI140_v.1.0>