<?xml version="1.0" encoding="UTF-8" ?>

<MWE_Annotation_COSI140_v.1.0>
<TEXT><![CDATA[text-821 reviews-107692-0002: The first thing you notice when you arrive on location is that the waiting line literally goes out the door and spills into the parking lot.

text-822 reviews-107692-0003: A restaurant with this many patrons willing to stand in line just to order tacos must be good, right?

text-823 reviews-107692-0004: I mean, that's the way it works at amusement parks: the longest lines are at the best rides.

text-824 reviews-107692-0005: Well, this may be an exception.

text-825 reviews-107692-0006: The staff taking your order and "waiting" on you are very indifferent and have no sense of costumer service at all.

text-826 reviews-107692-0007: I have gotten better results talking to COMCAST customer service than with these folks.

text-827 reviews-107692-0008: And don't even think about asking to speak to the manager because this guy is, and pardon my French, a jerk.

text-828 reviews-107692-0009: If you have gotten through ordering, dealing with the rude staff and if you followed the dumb rules, you are finally presented with what you came for..some tacos that are "ok," but definitely not worth putting up with all the hassle.

text-829 reviews-107692-0010: Save yourself the trouble and skip this place all together.

text-830 reviews-107692-0011: I suggest you go up to Raging Taco & Raging Burrito a couple of blocks up the street or even Taco Mac.

text-831 reviews-108338-0001: The internet here is terrible.

text-832 reviews-108338-0002: Like the previous poster said, the com lines are split between the entire building.

text-833 reviews-108338-0003: That's 3x worse than Qwest DSL's lowest speed offering!

text-834 reviews-108338-0004: The outward appearance makes you think this place is nice, but everything inside is cheap cheap cheap.

text-835 reviews-108338-0005: Moving out as soon as our lease is up.

text-836 reviews-108338-0006: http://www.speedtest.net/result/1155244347.png

text-837 reviews-109263-0001: I have been here 3 times and all 3 times it has been bad!

text-838 reviews-109263-0002: They have messed up my order and.... The food was just not good!

text-839 reviews-109263-0003: I had sonic in many other palces but for some reason this sonic is always just covered in grease and not good... :(

text-840 reviews-109263-0004: I hope they get there act together...

]]></TEXT>
<TAGS>
<FIXED id="F0" spans="73~84" text="on location"  />
<FIXED id="F2" spans="255~262" text="in line"  />
<FIXED id="F3" spans="335~341" text="I mean"  />
<FIXED id="F4" spans="630~636" text="at all"  />
<FIXED id="F7" spans="871~887" text="pardon my French"  />
<FIXED id="F8" spans="1239~1251" text="all together"  />
<FIXED id="F9" spans="1307~1335" text="Raging Taco &amp; Raging Burrito"  />
<FIXED id="F10" spans="1336~1347" text="a couple of"  />
<FIXED id="F11" spans="1377~1385" text="Taco Mac"  />
<FIXED id="F12" spans="1616~1625" text="Qwest DSL"  />
<FIXED id="F13" spans="1605~1615" text="worse than"  />
<FIXED id="F5" spans="1045~1059" text="presented with"  />
<FIXED id="F6" spans="1827~1837" text="as soon as"  />
<SEMI_FIXED id="S0" spans="613~629" text="costumer service"  />
<SEMI_FIXED id="S2" spans="717~733" text="customer service"  />
<SEMI_FIXED id="S3" spans="158~169" text="parking lot"  />
<SEMI_FIXED id="S4" spans="370~385" text="amusement parks"  />
<SEMI_FIXED id="S5" spans="554~566" text="&quot;waiting&quot; on"  />
<SEMI_FIXED id="S6" spans="698~708" text="talking to"  />
<SEMI_FIXED id="S7" spans="825~833" text="speak to"  />
<SEMI_FIXED id="S8" spans="940~954" text="gotten through"  />
<SEMI_FIXED id="S9" spans="965~977" text="dealing with"  />
<SEMI_FIXED id="S10" spans="1130~1145" text="putting up with"  />
<SEMI_FIXED id="S1" spans="238~248" text="willing to"  />
<SEMI_FIXED id="S11" spans="1816~1826" text="Moving out"  />
<FLEXIBLE id="FL0" spans="532~538,544~549" text="taking ... order"  />
<FLEXIBLE id="FL3" spans="1298~1303" text="go up"  />
<FLEXIBLE id="FL5" spans="1848~1853" text="is up"  />
<FLEXIBLE id="FL6" spans="2063~2072" text="messed up"  />
<FLEXIBLE id="FL7" spans="2308~2311,2318~2330" text="get ... act together"  />
<FLEXIBLE id="FL8" spans="1193~1197,1211~1218" text="Save ... trouble"  />
</TAGS>
</MWE_Annotation_COSI140_v.1.0>