<?xml version="1.0" encoding="UTF-8" ?>

<MWE_Annotation_COSI140_v.1.0>
<TEXT><![CDATA[text-841 reviews-109263-0005: I am going to give it one last chance in next few months and see??

text-842 reviews-110441-0001: Favorite place in Tampa.

text-843 reviews-110441-0002: Update: I had to add to my review.

text-844 reviews-110441-0003: I was just in last night and had a chance to dine in their new dining room.

text-845 reviews-110441-0004: AMAZING!

text-846 reviews-110441-0005: I frequent this resturant on a weekly basis but usally only for lunch.

text-847 reviews-110441-0006: Well I was in for a treat when I was greeted by the friendly girls at the counter who asked if my wife and I would like to sit in their "new" dining room.

text-848 reviews-110441-0007: Right away they told us that it was the same great food with the same prices so off we went.

text-849 reviews-110441-0008: We were greeted again and sat promptly.

text-850 reviews-110441-0009: After looking at the menu and seeing the new menu items they had, we knew we were in for a treat!

text-851 reviews-110441-0010: I had the Chicken Parmesan Dinner and my wife had the Shrimp Scampi Dinner.

text-852 reviews-110441-0011: AMAZING!

text-853 reviews-110441-0012: The portions were generous enough that we even took some home!

text-854 reviews-110441-0013: I have to say the value of this place always amazes me.

text-855 reviews-110441-0014: It's nice to see that even in the economy we can eat a place that has upscale service, amazing atmosphere, and Incredible food, but not break the bank while enjoying it!

text-856 reviews-110441-0015: Bottom line is that when it's a small privatly owned resturant like this is you can tell that the owners and employees take pride in their product and service.

text-857 reviews-110441-0016: Well Done!

text-858 reviews-110908-0001: Great pub

text-859 reviews-110908-0002: Had a meal in this pub and i have to say it was excellant.

text-860 reviews-110908-0003: It has to be one of the nicest pubs that i have been into in a long time, the decor is nice and it has a really nice garden and a lovely decking area.

]]></TEXT>
<TAGS>
<FIXED id="F0" spans="264~274" text="last night"  />
<FIXED id="F1" spans="510~524" text="in for a treat"  />
<FIXED id="F2" spans="685~695" text="Right away"  />
<FIXED id="F3" spans="1538~1549" text="Bottom line"  />
<FIXED id="F4" spans="1729~1738" text="Well Done"  />
<FIXED id="F5" spans="962~976" text="in for a treat"  />
<SEMI_FIXED id="S0" spans="1019~1042" text="Chicken Parmesan Dinner"  />
<SEMI_FIXED id="S1" spans="1063~1083" text="Shrimp Scampi Dinner"  />
<SEMI_FIXED id="S2" spans="194~200" text="had to"  />
<SEMI_FIXED id="S3" spans="313~324" text="dining room"  />
<SEMI_FIXED id="S4" spans="641~652" text="dining room"  />
<SEMI_FIXED id="S6" spans="1252~1259" text="have to"  />
<SEMI_FIXED id="S7" spans="1473~1487" text="break the bank"  />
<SEMI_FIXED id="S8" spans="1841~1848" text="have to"  />
<SEMI_FIXED id="S9" spans="1905~1911" text="has to"  />
<SEMI_FIXED id="S10" spans="32~43" text="am going to"  />
<SEMI_FIXED id="S11" spans="608~621" text="would like to"  />
<FLEXIBLE id="FL2" spans="44~48,61~67" text="give ... chance"  />
<FLEXIBLE id="FL3" spans="201~207" text="add to"  />
<FLEXIBLE id="FL4" spans="279~282,285~294" text="had ... chance to"  />
<FLEXIBLE id="FL5" spans="765~768,772~776" text="off ... went"  />
<FLEXIBLE id="FL6" spans="423~425,435~440" text="on ... basis"  />
<FLEXIBLE id="FL7" spans="1203~1207,1213~1217" text="took ... home"  />
<FLEXIBLE id="FL8" spans="1657~1670" text="take pride in"  />
<FLEXIBLE id="FL9" spans="1960~1962,1970~1974" text="in ... time"  />
</TAGS>
</MWE_Annotation_COSI140_v.1.0>