<?xml version="1.0" encoding="UTF-8" ?>

<MWE_Annotation_COSI140_v.1.0>
<TEXT><![CDATA[text-861 reviews-110908-0004: Good beer good service and what more could you want.

text-862 reviews-111583-0001: All I can say is that I am glad I went in!

text-863 reviews-111583-0002: The nurses are sweet as pie and the doctor is wonderful.

text-864 reviews-111583-0003: This place is about healing, not making a buck.

text-865 reviews-111583-0004: The followup visit is FREE!!

text-866 reviews-111583-0005: After going to the hospital and paying ER prices ... there is no way I won't be back here!!

text-867 reviews-111583-0006: I will be back and telling EVERYONE about this clinic.

text-868 reviews-111583-0007: THANK YOU!!

text-869 reviews-112579-0001: My favorite cuban cafe in Orlando

text-870 reviews-112579-0002: I have been eating Cuban for a long time, sandwiches mainly along with other dishes..

text-871 reviews-112579-0003: I love Cuban coffee, colada... mmmm anyways I found this place and can't stop going there, I stop in at least once a week and anytime I'm in the area for a Cuban coffee or snack.

text-872 reviews-112579-0004: The place is chill and comfortable.

text-873 reviews-112579-0005: They don't speak the best English but enough to get by.

text-874 reviews-112579-0006: They bake bread fresh daily, they don't press their sandwiches which is the way I like it, and the meat is always fresh.

text-875 reviews-112579-0007: They have a great lunch special with your choice of meat, chicken, steak, or pork and rice and black beans and fried plantains.

text-876 reviews-112579-0008: And their breakfast is awesome!!

text-877 reviews-112579-0009: I cannot describe how delicious the mango and cheese pastries and the omelets are to die for.

text-878 reviews-112579-0010: Stop in and have a bite you won't regret it.

text-879 reviews-112579-0011: A slice of heaven in winter park off forsyth!

text-880 reviews-112661-0001: Great Food Awesome food Awesome service

]]></TEXT>
<TAGS>
<FIXED id="F0" spans="203~215" text="sweet as pie"  />
<FIXED id="F1" spans="624~633" text="THANK YOU"  />
<FIXED id="F2" spans="792~802" text="along with"  />
<FIXED id="F3" spans="950~958" text="at least"  />
<FIXED id="F4" spans="987~998" text="in the area"  />
<FIXED id="F5" spans="1670~1680" text="to die for"  />
<SEMI_FIXED id="S0" spans="421~442" text="going to the hospital"  />
<SEMI_FIXED id="S1" spans="679~689" text="cuban cafe"  />
<SEMI_FIXED id="S2" spans="856~868" text="Cuban coffee"  />
<SEMI_FIXED id="S3" spans="1005~1017" text="Cuban coffee"  />
<SEMI_FIXED id="S4" spans="1383~1396" text="lunch special"  />
<SEMI_FIXED id="S5" spans="1791~1806" text="slice of heaven"  />
<SEMI_FIXED id="S7" spans="148~155" text="went in"  />
<FLEXIBLE id="FL1" spans="1174~1180" text="get by"  />
<FLEXIBLE id="FL2" spans="309~322" text="making a buck"  />
<FLEXIBLE id="FL5" spans="942~949" text="stop in"  />
<FLEXIBLE id="FL6" spans="1713~1720" text="Stop in"  />
<FLEXIBLE id="FL7" spans="1725~1736" text="have a bite"  />
</TAGS>
</MWE_Annotation_COSI140_v.1.0>