<?xml version="1.0" encoding="UTF-8" ?>

<MWE_Annotation_COSI140_v.1.0>
<TEXT><![CDATA[text-881 reviews-112661-0002: I wanted to try someplace new again.

text-882 reviews-112661-0003: This place rocked.

text-883 reviews-112661-0004: Brought my wife Deb with me and she like the Fried Crab Wontons and said they were good..

text-884 reviews-112661-0005: We also had the BBQ Spare Ribs.. good also.

text-885 reviews-112661-0006: I ordered the MOO SHU pork and it was great..

text-886 reviews-112661-0007: I also ordered the Neptune Platter which was awesome... so this place gets 5 out of 5 stars.

text-887 reviews-114849-0001: Used their service for the first time and was immediately impressed by their professionalism (received a phone call soon after order was placed to confirm details) and the subsequent delivery of my gift (To Split, Croatia) was as requested.

text-888 reviews-114849-0002: The gift itself was exactly as described and pictured in the catalogue and of the highest standard.

text-889 reviews-114849-0003: Would highly recommend to anyone requiring overseas gift delivery.

text-890 reviews-114849-0004: Danny (Australia)

text-891 reviews-115653-0001: Great Doctor!

text-892 reviews-115653-0002: Dr. Faris is a great doctor!

text-893 reviews-115653-0003: I would recommend him to anyone.

text-894 reviews-115653-0004: I was experiencing severe back pain to the point I could barely walk or even bare to sit.

text-895 reviews-115653-0005: I went from a pain scale of 8-9 to 0 and I was able to run in the Crim just a week later!!

text-896 reviews-116821-0001: FANFUCKINGTASTIC

text-897 reviews-116821-0002: Ok I am a New Yorker who has been going to school in Oxford, England.

text-898 reviews-116821-0003: I thought the UK was completely devoid of good NYC style pizza.

text-899 reviews-116821-0004: I thought to get a decent pizza the only way was at a fancy restaurant, and I have to get a whole pie.

text-900 reviews-116821-0005: I thought I would have to wait until I went home to NYC.

]]></TEXT>
<TAGS>
<FIXED id="F2" spans="752~766" text="Split, Croatia"  />
<FIXED id="F3" spans="1140~1149" text="Dr. Faris"  />
<FIXED id="F4" spans="1447~1455" text="the Crim"  />
<FIXED id="F5" spans="1608~1623" text="Oxford, England"  />
<FIXED id="F6" spans="1666~1672" text="the UK"  />
<SEMI_FIXED id="S0" spans="32~41" text="wanted to"  />
<SEMI_FIXED id="S1" spans="193~211" text="Fried Crab Wontons"  />
<SEMI_FIXED id="S2" spans="285~299" text="BBQ Spare Ribs"  />
<SEMI_FIXED id="S3" spans="440~455" text="Neptune Platter"  />
<SEMI_FIXED id="S4" spans="650~660" text="phone call"  />
<SEMI_FIXED id="S6" spans="1341~1348" text="bare to"  />
<SEMI_FIXED id="S7" spans="1565~1575" text="New Yorker"  />
<SEMI_FIXED id="S8" spans="1703~1718" text="NYC style pizza"  />
<SEMI_FIXED id="S9" spans="1829~1836" text="have to"  />
<SEMI_FIXED id="S10" spans="1903~1910" text="have to"  />
<SEMI_FIXED id="S11" spans="1589~1604" text="going to school"  />
<SEMI_FIXED id="S12" spans="358~370" text="MOO SHU pork"  />
<SEMI_FIXED id="S13" spans="1428~1439" text="was able to"  />
<FLEXIBLE id="FL0" spans="1300~1302,1307~1312" text="to ... point"  />
</TAGS>
</MWE_Annotation_COSI140_v.1.0>