<?xml version="1.0" encoding="UTF-8" ?>

<MWE_Annotation_COSI140_v.1.0>
<TEXT><![CDATA[text-901 reviews-116821-0006: Well then I went on a trip to Glasgow and was walking around.

text-902 reviews-116821-0007: I saw this place and it looked like the HOLY GRAIL.

text-903 reviews-116821-0008: I knew I had found the real deal, big pies, sold by the slice, with the pizzas sitting under the glass in the front.

text-904 reviews-116821-0009: They have crushed red pepper flakes and oregano.

text-905 reviews-116821-0010: So I ordered a slice.

text-906 reviews-116821-0011: It tasted like I just flew back home.

text-907 reviews-116821-0012: I dunno how they did it, but Scottish friends--- this is THE REAL DEAL.

text-908 reviews-116821-0013: I congratulated this establishment for doing the research on making NYC pizza because these Scots fcking nailed it.

text-909 reviews-116821-0014: That being said, I don't know how their delivery service is.

text-910 reviews-116821-0015: They might want to change the name to reflect the new yorkedness of the pizza, scrummy yummy sounds gimmicky to me.

text-911 reviews-117115-0001: Excellent service and quality

text-912 reviews-117115-0002: I had Hom-Excel replace most of the windows in my Tampa residence three years ago.

text-913 reviews-117115-0003: The excellent windows have performed without any problems, but that's not why I'm writing my review.

text-914 reviews-117115-0004: Three weeks ago, burglars tried to gain entry into the rear of my home.

text-915 reviews-117115-0005: The intruders slit the screen of the window.

text-916 reviews-117115-0006: Next, they tried to force the window with a pry bar and then to break the window with a hammer.

text-917 reviews-117115-0007: The window didn't break!

text-918 reviews-117115-0008: My next-door neighbor heard the noise and turned on a light, thankfully scaring the two miscreants away (they even left their hammer behind!).

text-919 reviews-117115-0009: I called Home-Excel the next day to order a replacement screen for the window, and was happily surprised when they said that they weren't even going to charge me for the replacement screen...that it would be covered under their guarentee.

text-920 reviews-117115-0010: Lo and behold, they replaced the screen (which had to be ordered) yesterday and didn't charge me a dime.

]]></TEXT>
<TAGS>
<FIXED id="F0" spans="159~173" text="the HOLY GRAIL"  />
<FIXED id="F1" spans="225~238" text="the real deal"  />
<FIXED id="F2" spans="613~626" text="THE REAL DEAL"  />
<FIXED id="F3" spans="806~821" text="That being said"  />
<FIXED id="F4" spans="2158~2171" text="Lo and behold"  />
<SEMI_FIXED id="S0" spans="948~962" text="new yorkedness"  />
<SEMI_FIXED id="S1" spans="76~90" text="walking around"  />
<SEMI_FIXED id="S2" spans="147~158" text="looked like"  />
<SEMI_FIXED id="S3" spans="364~389" text="crushed red pepper flakes"  />
<SEMI_FIXED id="S4" spans="764~773" text="nailed it"  />
<SEMI_FIXED id="S5" spans="909~916" text="want to"  />
<SEMI_FIXED id="S6" spans="1387~1397" text="gain entry"  />
<SEMI_FIXED id="S7" spans="1575~1582" text="pry bar"  />
<SEMI_FIXED id="S8" spans="1717~1735" text="next-door neighbor"  />
<SEMI_FIXED id="S9" spans="2031~2039" text="going to"  />
<SEMI_FIXED id="S10" spans="2205~2211" text="had to"  />
<FLEXIBLE id="FL1" spans="698~703,708~716" text="doing ... research"  />
<FLEXIBLE id="FL2" spans="1130~1137" text="most of"  />
<FLEXIBLE id="FL3" spans="1756~1765" text="turned on"  />
<FLEXIBLE id="FL4" spans="1786~1793,1813~1817" text="scaring ... away"  />
<FLEXIBLE id="FL5" spans="1829~1833,1847~1853" text="left ... behind"  />
<FLEXIBLE id="FL6" spans="2245~2251,2257~2261" text="charge ... dime"  />
</TAGS>
</MWE_Annotation_COSI140_v.1.0>