<?xml version="1.0" encoding="UTF-8" ?>

<MWE_Annotation_COSI140_v.1.0>
<TEXT><![CDATA[text-921 reviews-117115-0011: Their worker even cleaned 3 of my windows and changed a lightbulb for me.

text-922 reviews-117115-0012: In this day and age, it is so rare to find a company with such nice workers and such far ranging guarantee policies.

text-923 reviews-117115-0013: I rarely write reviews such as this one, but they certainly deserve anyone's business!

text-924 reviews-118718-0001: Great Surgeon

text-925 reviews-118718-0002: I needed wisdom teeth taken out.

text-926 reviews-118718-0003: Dr. Wallen and staff was excellent.

text-927 reviews-118718-0004: They were accomdating with my scheduled and work with my insurance to get payment for the surgery.

text-928 reviews-118718-0005: Dr. Wallen explained the procedure in detail and took his time with me.

text-929 reviews-118718-0006: Staff explained insurance procedures and was very helpful.

text-930 reviews-118718-0007: Everyone was very nice.

text-931 reviews-119026-0001: Anna Marie and Govind are very sweet people, and the minute you steep into their school, the calm loving atmosphere takes over, and tension and worries stay outside in the street, whether or not you pick them up again after class is probably a question of practice.

text-932 reviews-119026-0002: A wonderful place, if you want more than just the physical side of yoga.

text-933 reviews-119026-0003: Give yourself the gift of trying this place, to see if it fits you...

text-934 reviews-120335-0001: You can fool people

text-935 reviews-120335-0002: This store is proof that you can fool people with good advertising.

text-936 reviews-120335-0003: They convince lots of people that they are a great store, when in fact they are a very average place at best, they are just another big box store like the others.

text-937 reviews-120335-0004: They offer sales that aren't really sales, mislabeled items that make the item sound like a good deal when it isn't, a bad attitude about return items, and on and on.

text-938 reviews-120335-0005: With higher than average prices to boot!

text-939 reviews-120335-0006: So don't get taken in, keep your eyes open if you choose to shop here.

text-940 reviews-120335-0007: On the other hand, the Richmond Ukrops chain is known for its charity work, its community action, and its interest in the public welfare.

]]></TEXT>
<TAGS>
<FIXED id="F0" spans="135~154" text="In this day and age"  />
<FIXED id="F1" spans="306~313" text="such as"  />
<FIXED id="F2" spans="510~520" text="Dr. Wallen"  />
<FIXED id="F3" spans="707~717" text="Dr. Wallen"  />
<FIXED id="F4" spans="742~751" text="in detail"  />
<FIXED id="F5" spans="955~965" text="Anna Marie"  />
<FIXED id="F6" spans="1135~1149" text="whether or not"  />
<FIXED id="F7" spans="1283~1292" text="more than"  />
<FIXED id="F8" spans="1670~1677" text="in fact"  />
<FIXED id="F9" spans="1708~1715" text="at best"  />
<FIXED id="F10" spans="1957~1966" text="on and on"  />
<FIXED id="F12" spans="2031~2038" text="to boot"  />
<FIXED id="F13" spans="2173~2190" text="On the other hand"  />
<SEMI_FIXED id="S0" spans="2235~2247" text="charity work"  />
<SEMI_FIXED id="S1" spans="2253~2269" text="community action"  />
<SEMI_FIXED id="S2" spans="455~467" text="wisdom teeth"  />
<SEMI_FIXED id="S3" spans="621~630" text="work with"  />
<SEMI_FIXED id="S4" spans="1739~1752" text="big box store"  />
<SEMI_FIXED id="S7" spans="2295~2309" text="public welfare"  />
<FLEXIBLE id="FL0" spans="468~477" text="taken out"  />
<FLEXIBLE id="FL1" spans="756~760,765~769" text="took ... time"  />
<FLEXIBLE id="FL2" spans="1071~1081" text="takes over"  />
<FLEXIBLE id="FL3" spans="1154~1158,1164~1166" text="pick ... up"  />
<FLEXIBLE id="FL4" spans="1019~1029" text="steep into"  />
<FLEXIBLE id="FL5" spans="1880~1890" text="sound like"  />
<FLEXIBLE id="FL6" spans="2084~2092" text="taken in"  />
</TAGS>
</MWE_Annotation_COSI140_v.1.0>