<?xml version="1.0" encoding="UTF-8" ?>

<MWE_Annotation_COSI140_v.1.0>
<TEXT><![CDATA[text-941 reviews-121342-0001: We were expecting a great experience, when we recieved a friendly greeting by the hosts.

text-942 reviews-121342-0002: The atmosphere was nice and very clean.

text-943 reviews-121342-0003: The menu had plenty of options even for picky eaters.

text-944 reviews-121342-0004: The service was ok, our waitress kept forgetting our drinks even though we reminded her several times.

text-945 reviews-121342-0005: To start we tried the guacamole and salsa verde, it was completly flavorless.

text-946 reviews-121342-0006: We should have left then.

text-947 reviews-121342-0007: We orderd our meals anyway, chimichangas,jalapeno borritos, and quesadillas.

text-948 reviews-121342-0008: Everything was bland, completely void of any spice or flavor.

text-949 reviews-121342-0009: We have never had mexican food this bad, it was just simply gross.

text-950 reviews-121342-0010: Hopefully they spice things up or they wont be in business long.

text-951 reviews-121342-0011: I recommend La Hacienda

text-952 reviews-121556-0001: Holly is truely the best hairstylist!

text-953 reviews-121556-0002: I have lived in the UTC La Jolla area for many years, and I never new this salon was here until a friend reffered me to see Holly here.

text-954 reviews-121556-0003: I was very pleased with my experience here.

text-955 reviews-121556-0004: All of the people were friendly and welcoming.

text-956 reviews-121556-0005: I got highlights, haircut, and a blowdry.

text-957 reviews-121556-0006: She did a great job!

text-958 reviews-121556-0007: Holly is very experienced and talented, and I could tell she new what she was doing right off the bat.

text-959 reviews-121556-0008: My hair looks amazing, and I get compliments all the time.

text-960 reviews-121556-0009: I deffenitly reccomend this salon and Holly to anyone.

]]></TEXT>
<TAGS>
<FIXED id="F0" spans="234~243" text="plenty of"  />
<FIXED id="F1" spans="366~377" text="even though"  />
<FIXED id="F2" spans="476~487" text="salsa verde"  />
<FIXED id="F3" spans="952~963" text="in business"  />
<FIXED id="F4" spans="1013~1024" text="La Hacienda"  />
<FIXED id="F5" spans="1145~1157" text="UTC La Jolla"  />
<FIXED id="F6" spans="1303~1315" text="pleased with"  />
<FIXED id="F7" spans="1654~1671" text="right off the bat"  />
<FIXED id="F8" spans="1749~1761" text="all the time"  />
<FIXED id="F9" spans="747~754" text="void of"  />
<FIXED id="F10" spans="440~448" text="To start"  />
<SEMI_FIXED id="S0" spans="261~273" text="picky eaters"  />
<SEMI_FIXED id="S1" spans="647~664" text="jalapeno borritos"  />
<FLEXIBLE id="FL0" spans="1522~1525,1534~1537" text="did ... job"  />
<FLEXIBLE id="FL1" spans="920~925,933~935" text="spice ... up"  />
</TAGS>
</MWE_Annotation_COSI140_v.1.0>