<?xml version="1.0" encoding="UTF-8" ?>

<MWE_Annotation_COSI140_v.1.0>
<TEXT><![CDATA[text-961 reviews-121556-0010: You will not be disappointed!!!!!!

text-962 reviews-121651-0001: We love our new roof!

text-963 reviews-121651-0002: We would like to thank you for the roofing job you did on our home.

text-964 reviews-121651-0003: Everything was done on a timely manner and things were cleaned and picked up every day when the crew was done.

text-965 reviews-121651-0004: We also liked the way that Ray checked on the job everyday.

text-966 reviews-121651-0005: And when the job was done every thing was cleaned up and hauled off that same day.

text-967 reviews-121651-0006: We would not hesitate to use Spears Roofing again.

text-968 reviews-121651-0007: We have already recommended you to some of our friends!

text-969 reviews-121987-0001: BEST PLACE IN AMES

text-970 reviews-121987-0002: I lived here for two years when the prices were a little lower :) The places are very nice and clean, and in great condition!

text-971 reviews-121987-0003: I really enjoyed the staff at Wessex, also the manager Sherri was always very nice and helpful.

text-972 reviews-121987-0004: The fitness center was GREAT!

text-973 reviews-121987-0005: The only problem that I had in 2 years of living there was that the walls are pretty thin, sometimes I could here my neighbors conversations.

text-974 reviews-121987-0006: I would recommend these apartments to anybody!

text-975 reviews-121987-0007: I absolutely LOVED living there.

text-976 reviews-122270-0001: Perfect Practice

text-977 reviews-122270-0002: After I had chosen The Fountain Dental Practice they provided a slick and professional service from start to finish.

text-978 reviews-122270-0003: Everyone was friendly from the receptionist to the surgeon herself, putting me at my ease and explaining the whole process, both initially and then as we went along.

text-979 reviews-122270-0004: Surgery visit timings were always made to suit me and not them and they gave me the feeling that I mattered and was important to them.

text-980 reviews-122270-0005: The surgery itself is slick, modern and very relaxed and I always felt that I was in capable hands.

]]></TEXT>
<TAGS>
<FIXED id="F0" spans="624~638" text="Spears Roofing"  />
<FIXED id="F1" spans="862~870" text="a little"  />
<FIXED id="F2" spans="1541~1569" text="The Fountain Dental Practice"  />
<FIXED id="F3" spans="1617~1637" text="from start to finish"  />
<FIXED id="F4" spans="166~175" text="thank you"  />
<SEMI_FIXED id="S0" spans="273~286" text="timely manner"  />
<SEMI_FIXED id="S1" spans="421~431" text="checked on"  />
<SEMI_FIXED id="S2" spans="1102~1116" text="fitness center"  />
<SEMI_FIXED id="S3" spans="152~165" text="would like to"  />
<FLEXIBLE id="FL0" spans="192~195,200~203" text="job ... did"  />
<FLEXIBLE id="FL1" spans="523~533" text="cleaned up"  />
<FLEXIBLE id="FL2" spans="538~548" text="hauled off"  />
<FLEXIBLE id="FL3" spans="315~324" text="picked up"  />
<FLEXIBLE id="FL4" spans="1168~1175,1183~1186" text="problem ... had"  />
<FLEXIBLE id="FL6" spans="1824~1834" text="went along"  />
<FLEXIBLE id="FL7" spans="2115~2117,2126~2131" text="in ... hands"  />
</TAGS>
</MWE_Annotation_COSI140_v.1.0>