<?xml version="1.0" encoding="UTF-8" ?>

<MWE_Annotation_COSI140_v.1.0>
<TEXT><![CDATA[text-81 reviews-009970-0005: Every time I go, Kevin, the manager, will always remember my family and I.

text-82 reviews-009970-0006: Overall, it is very family oriented, and I recommend it to everyone!!!

text-83 reviews-010378-0001: Poor Experience

text-84 reviews-010378-0002: I did not have a good experience w/ Dr. Ghassemlou.

text-85 reviews-010378-0003: During the session, he demanded to have my physical address, which I've always kept private as I am enrolled in a witness protection program.

text-86 reviews-010378-0004: I believe he is correct in that he needs my physical address for legal reasons, however, he did not adequately explain this during our session.

text-87 reviews-010378-0005: I learned more about this doing my own research afterward.

text-88 reviews-010378-0006: I think he could've done more to assuage my concerns by giving me concrete facts.

text-89 reviews-010378-0007: Saying that I need to give him my address or else I have intimacy issues is not helpful.

text-90 reviews-010378-0008: It's pretty combative actually.

text-91 reviews-010393-0001: Auto Towing is one of the best towing services I have used.

text-92 reviews-010393-0002: The first time I used them they arrived on time and towed car for me to the destination I needed.

text-93 reviews-010393-0003: The auto mechanics that work for Auto Towing are very friendly and informative and answered any question I had.

text-94 reviews-010393-0004: They have towed car for me a few times and I am always very satisfied with this services.

text-95 reviews-010393-0005: If you are looking for towing services that can offer you a good towed car service, then Auto Towing is the company for you.

text-96 reviews-010433-0001: Food good, service poor

text-97 reviews-010433-0002: No silverware, asked for a spoon for my sons mac and cheese ended up having to use my tea spoon.

text-98 reviews-010433-0003: Asked for bar-b-que sauce never got it.

text-99 reviews-010433-0004: Never checked back with us once we got our food.

text-100 reviews-010433-0005: Had to go the the bus boys station ourselves to get napkins.

]]></TEXT>
<TAGS>
<FIXED id="F0" spans="29~39" text="Every time"  />
<FIXED id="F1" spans="154~169" text="family oriented"  />
<FIXED id="F2" spans="317~331" text="Dr. Ghassemlou"  />
<FIXED id="F3" spans="952~959" text="or else"  />
<FIXED id="F4" spans="1091~1102" text="Auto Towing"  />
<FIXED id="F5" spans="1221~1228" text="on time"  />
<FIXED id="F6" spans="1342~1353" text="Auto Towing"  />
<FIXED id="F7" spans="1511~1525" text="satisfied with"  />
<FIXED id="F8" spans="1660~1671" text="Auto Towing"  />
<FIXED id="F9" spans="559~566" text="in that"  />
<SEMI_FIXED id="S0" spans="1825~1839" text="mac and cheese"  />
<SEMI_FIXED id="S1" spans="477~503" text="witness protection program"  />
<SEMI_FIXED id="S3" spans="924~931" text="need to"  />
<SEMI_FIXED id="S4" spans="967~982" text="intimacy issues"  />
<SEMI_FIXED id="S5" spans="1122~1137" text="towing services"  />
<SEMI_FIXED id="S6" spans="1313~1327" text="auto mechanics"  />
<SEMI_FIXED id="S7" spans="1333~1341" text="work for"  />
<SEMI_FIXED id="S8" spans="1582~1593" text="looking for"  />
<SEMI_FIXED id="S9" spans="1594~1609" text="towing services"  />
<SEMI_FIXED id="S10" spans="1866~1875" text="tea spoon"  />
<SEMI_FIXED id="S11" spans="1795~1804" text="asked for"  />
<SEMI_FIXED id="S12" spans="1840~1848" text="ended up"  />
<SEMI_FIXED id="S13" spans="1849~1858" text="having to"  />
<SEMI_FIXED id="S14" spans="1917~1932" text="bar-b-que sauce"  />
<SEMI_FIXED id="S15" spans="1907~1916" text="Asked for"  />
<SEMI_FIXED id="S17" spans="2057~2063" text="Had to"  />
<SEMI_FIXED id="S18" spans="2075~2083" text="bus boys"  />
<SEMI_FIXED id="S16" spans="463~474" text="enrolled in"  />
<FLEXIBLE id="FL0" spans="1983~1995" text="checked back"  />
<FLEXIBLE id="FL1" spans="735~740,748~756" text="doing ... research"  />
<FLEXIBLE id="FL2" spans="442~454" text="kept private"  />
<FLEXIBLE id="FL3" spans="291~295,303~313" text="have ... experience"  />
</TAGS>
</MWE_Annotation_COSI140_v.1.0>