<?xml version="1.0" encoding="UTF-8" ?>

<MWE_Annotation_COSI140_v.1.0>
<TEXT><![CDATA[text-981 reviews-122270-0006: My dental surgeon, Dr. Lucy Nichols is clearly a dental perfectionist and clearly proud both of the work she does and the reputation she has established.

text-982 reviews-122270-0007: Everyone was so helpful that I cannot wait to go back .....

text-983 reviews-122270-0008: Peter

text-984 reviews-122882-0001: Over-rated

text-985 reviews-122882-0002: Buddakan inevitably attracts the majority of its guests simply because of its association with Steven Starr, but that doesn't impress me.

text-986 reviews-122882-0003: The atmosphere alone deserves 4 stars but, the food was not up to par with the price tag and the reputation the restaurant carries.

text-987 reviews-122882-0004: The server we had was knowledgeable but he was not as proper as he should have been, acting like he was talking to his friends rather than his customers.

text-988 reviews-122882-0005: The angry lobster was completely over-priced!

text-989 reviews-122882-0006: $80 for a dish that has about one small lobster tail and is full of filler vegetables!

text-990 reviews-122882-0007: I wouldn't go there again.

text-991 reviews-124163-0001: Cranmore Dental and Implant Clinic : I could not recommend Dr David Nelson enough.

text-992 reviews-124163-0002: I had a severe phobia of attending the dentist until I met and was treated by Dr Nelson.

text-993 reviews-124163-0003: He instantaneously put me at ease and his ongoing treatments have been absolutely pain free.

text-994 reviews-124163-0004: My previous apprehension has been dismissed and I no longer have a sinking feeling when my next appointment is due!

text-995 reviews-124163-0005: In addition to the core treatment, Dr Nelson has impressed me further with his concern and interest in the well-being of his patients – his dental work underpinned by a strong duty of care to every patient.

text-996 reviews-124163-0006: He is always prepared to go the extra mile to ensure that any patient discomfort is dealt with immediately –

text-997 reviews-124163-0007: Pam Gillies

text-998 reviews-126171-0001: Only Concerned With Money

text-999 reviews-126171-0002: I have been getting my treatments for a few months now and have seen some results but not up to the standards that I was told I should expect.

text-1000 reviews-126171-0003: The people there attempt to come across and professional and nice, but I was disappointed with their customer service.

]]></TEXT>
<TAGS>
<FIXED id="F0" spans="49~65" text="Dr. Lucy Nichols"  />
<FIXED id="F1" spans="480~492" text="Steven Starr"  />
<FIXED id="F2" spans="448~458" text="because of"  />
<FIXED id="F3" spans="614~623" text="up to par"  />
<FIXED id="F4" spans="844~855" text="rather than"  />
<FIXED id="F5" spans="906~919" text="angry lobster"  />
<FIXED id="F6" spans="1155~1189" text="Cranmore Dental and Implant Clinic"  />
<FIXED id="F7" spans="1214~1229" text="Dr David Nelson"  />
<FIXED id="F8" spans="1347~1356" text="Dr Nelson"  />
<FIXED id="F9" spans="1471~1480" text="pain free"  />
<FIXED id="F10" spans="1563~1572" text="no longer"  />
<FIXED id="F11" spans="1695~1704" text="Dr Nelson"  />
<FIXED id="F12" spans="1660~1671" text="In addition"  />
<FIXED id="F14" spans="2038~2049" text="Pam Gillies"  />
<FIXED id="F15" spans="2228~2233" text="up to"  />
<FIXED id="F16" spans="2390~2407" text="disappointed with"  />
<FIXED id="F17" spans="2086~2100" text="Concerned With"  />
<SEMI_FIXED id="S0" spans="246~260" text="cannot wait to"  />
<SEMI_FIXED id="S1" spans="633~642" text="price tag"  />
<SEMI_FIXED id="S2" spans="1836~1848" text="duty of care"  />
<SEMI_FIXED id="S3" spans="1923~1940" text="go the extra mile"  />
<SEMI_FIXED id="S4" spans="1982~1992" text="dealt with"  />
<SEMI_FIXED id="S5" spans="2341~2352" text="come across"  />
<SEMI_FIXED id="S6" spans="2414~2430" text="customer service"  />
<SEMI_FIXED id="S8" spans="1800~1811" text="dental work"  />
<FLEXIBLE id="FL0" spans="112~117,123~125" text="proud ... of"  />
<FLEXIBLE id="FL2" spans="768~770,778~780" text="as ... as"  />
<FLEXIBLE id="FL3" spans="802~813" text="acting like"  />
<FLEXIBLE id="FL4" spans="1408~1411,1415~1422" text="put ... at ease"  />
<FLEXIBLE id="FL1" spans="261~268" text="go back"  />
</TAGS>
</MWE_Annotation_COSI140_v.1.0>