<?xml version="1.0" encoding="UTF-8" ?>

<MWE_Annotation_COSI140_v.1.0>
<TEXT><![CDATA[text-101 reviews-010433-0006: Only one server, too buys talking with others I guess.

text-102 reviews-010433-0007: Food was good, but service means a lot to me.

text-103 reviews-010450-0001: As a native southern Californian I can tell you that this is not authentic Mexican food.

text-104 reviews-010450-0002: However, I still like this place a lot.

text-105 reviews-010450-0003: Esp. the mole, tortilla soup, and guacamole.

text-106 reviews-010450-0004: Margaritas are alright.

text-107 reviews-010450-0005: My only complaint is the QUESO.

text-108 reviews-010450-0006: It used to be fabulous, why did you guys change it??

text-109 reviews-010450-0007: Queso should not be watery :( .....

text-110 reviews-010450-0008: ***update*** NEVER MIND!

text-111 reviews-010450-0009: They fixed the queso!

text-112 reviews-010450-0010: Thankyouthankyou

text-113 reviews-010820-0001: The moving company is actualy based in Brooklyn, but advertised all over NY/NJ, including Fort Lee.

text-114 reviews-010820-0002: When the guys arrived (2 hours later than agreed) they told that you have to pay all the tolls they payed coming from Brooklyn and extra $100 for them to drive back from your destination.

text-115 reviews-010820-0003: That was not in agreement eather, but they realy demand it.

text-116 reviews-010820-0004: And another $100 for wrapping the furniture.

text-117 reviews-010820-0005: So totalling $212 just for start before any work started.

text-118 reviews-010820-0006: Guess what, was not in the initial agreement as well.

text-119 reviews-010820-0007: I was moving out from 2 bdr apartment and it took for 3 strong guys 6 hours to load a track (from 2pm-8pm).

text-120 reviews-010820-0008: The only reason I'm giving 3 stars instead of 1 or 2, I should admit, nothing was broken.

]]></TEXT>
<TAGS>
<FIXED id="F0" spans="610~618" text="you guys"  />
<FIXED id="F1" spans="742~752" text="NEVER MIND"  />
<FIXED id="F2" spans="916~924" text="based in"  />
<FIXED id="F3" spans="950~958" text="all over"  />
<FIXED id="F4" spans="976~984" text="Fort Lee"  />
<FIXED id="F6" spans="1492~1502" text="Guess what"  />
<FIXED id="F7" spans="1537~1544" text="as well"  />
<FIXED id="F8" spans="1751~1761" text="instead of"  />
<FIXED id="F9" spans="268~280" text="Mexican food"  />
<FIXED id="F10" spans="205~225" text="southern Californian"  />
<FIXED id="F11" spans="346~351" text="a lot"  />
<SEMI_FIXED id="S0" spans="56~68" text="talking with"  />
<SEMI_FIXED id="S1" spans="399~412" text="tortilla soup"  />
<SEMI_FIXED id="S2" spans="581~588" text="used to"  />
<SEMI_FIXED id="S3" spans="890~904" text="moving company"  />
<SEMI_FIXED id="S4" spans="1086~1093" text="have to"  />
<SEMI_FIXED id="S5" spans="1599~1614" text="2 bdr apartment"  />
<SEMI_FIXED id="S6" spans="143~154" text="means a lot"  />
<FLEXIBLE id="FL1" spans="1249~1261" text="in agreement"  />
<FLEXIBLE id="FL2" spans="1583~1593" text="moving out"  />
</TAGS>
</MWE_Annotation_COSI140_v.1.0>