<?xml version="1.0" encoding="UTF-8" ?>

<MWE_Annotation_COSI140_v.1.0>
<TEXT><![CDATA[text-121 reviews-010820-0009: So I still can recomend them but prepare pay twice as much as they tell you initially.

text-122 reviews-010820-0010: One more thing, they don't take any credit cards or checks.

text-123 reviews-010820-0011: You have to pay CASH ONLY before they start unloading track on your destination.

text-124 reviews-011257-0001: It was a Saturday and my spring was broken...

text-125 reviews-011257-0002: I googled Garage Door Repair in Woodinville and found NDI - Johnette answered the phone and was oh-so pleasant and helpful!

text-126 reviews-011257-0003: She sort of appologized for Dan taking the day off to go skiing - but he could do the repair on Sunday!

text-127 reviews-011257-0004: I said great and Dan arrived on time at 10am to make the repair.

text-128 reviews-011257-0005: I enjoyed speaking with Dan, and learning more about how the springs are sized for these doors.

text-129 reviews-011257-0006: The repair went quickly and the price was extremely fair.

text-130 reviews-011257-0007: I would highly recommend NDI - and will spread the word to my neighbors.

text-131 reviews-011257-0008: Thanks Dan and Johnette for your responsiveness and professional service.

text-132 reviews-011257-0009: Roger M., Woodinville

text-133 reviews-015148-0001: This place has the best baby and childrens clothes.

text-134 reviews-015148-0002: Especially high end keep sake sort of clothing that you just cant find in a lot of stores.

text-135 reviews-015148-0003: It is all very unique and you wont find any other baby wearing the same stuff.

text-136 reviews-015148-0004: I spent quite a bit because I spoil my little princess.

text-137 reviews-015148-0005: Afterall she will only be a baby for so long I figure why not enjoy it.

text-138 reviews-017235-0001: Antique Lighting, Fixtures, Chicago

text-139 reviews-017235-0002: Great place for Antique Lighting!

text-140 reviews-017235-0003: I visited their huge Chicago lighting showroom and all I have to say is WOW!!

]]></TEXT>
<TAGS>
<FIXED id="F0" spans="255~264" text="CASH ONLY"  />
<FIXED id="F1" spans="587~594" text="sort of"  />
<FIXED id="F2" spans="747~754" text="on time"  />
<FIXED id="F3" spans="1239~1247" text="Roger M."  />
<FIXED id="F4" spans="1405~1412" text="sort of"  />
<FIXED id="F5" spans="1621~1626" text="a bit"  />
<FIXED id="F6" spans="1727~1738" text="for so long"  />
<FIXED id="F7" spans="1748~1755" text="why not"  />
<FIXED id="F8" spans="1797~1813" text="Antique Lighting"  />
<FIXED id="F9" spans="1880~1896" text="Antique Lighting"  />
<FIXED id="F11" spans="1449~1457" text="a lot of"  />
<SEMI_FIXED id="S0" spans="184~196" text="credit cards"  />
<SEMI_FIXED id="S1" spans="637~646" text="go skiing"  />
<SEMI_FIXED id="S2" spans="824~837" text="speaking with"  />
<SEMI_FIXED id="S3" spans="1070~1085" text="spread the word"  />
<SEMI_FIXED id="S4" spans="1325~1342" text="childrens clothes"  />
<SEMI_FIXED id="S5" spans="1386~1394" text="high end"  />
<SEMI_FIXED id="S6" spans="1395~1404" text="keep sake"  />
<SEMI_FIXED id="S7" spans="1986~1993" text="have to"  />
<SEMI_FIXED id="S8" spans="438~456" text="Garage Door Repair"  />
<FLEXIBLE id="FL0" spans="615~621,630~633" text="taking ... off"  />
<FLEXIBLE id="FL1" spans="662~664,669~675" text="do ... repair"  />
<FLEXIBLE id="FL2" spans="766~770,775~781" text="make ... repair"  />
</TAGS>
</MWE_Annotation_COSI140_v.1.0>