<?xml version="1.0" encoding="UTF-8" ?>

<MWE_Annotation_COSI140_v.1.0>
<TEXT><![CDATA[text-141 reviews-017235-0004: Lots of collections, many antique light fixtures, Chandeliers, custom lighting etc.

text-142 reviews-017235-0005: I think they have the largest collection for Chandeliers Chicago.

text-143 reviews-017235-0006: Antiques, Vintage, Contemporary & Modern Chandeliers.

text-144 reviews-017235-0007: I would recommend them for any custom lighting or Lighting Repair and Restoration Chicago

text-145 reviews-017345-0001: UGH!!!

text-146 reviews-017345-0002: Got some nice "freshly baked" fruit squares, a personal favorite of mine.

text-147 reviews-017345-0003: Took a bite, it tasted odd.

text-148 reviews-017345-0004: Flipped the square over and saw it riddled with green mold!!!!

text-149 reviews-017345-0005: Ugh!!

text-150 reviews-017345-0006: I called the store and the clerk giggled, and agreed that it was gross, but said it was not her problem.

text-151 reviews-017345-0007: She also refused to get a manager.

text-152 reviews-017345-0008: I left my number, or tried to anyway.

text-153 reviews-017345-0009: Same clerk had considerable difficulty taking down a number.

text-154 reviews-017345-0010: I'll never go back there again

text-155 reviews-018465-0001: The Salon Experience from Hell

text-156 reviews-018465-0002: I feel obligated to share this story.

text-157 reviews-018465-0003: Right out of college I called the salon and explained my situation.

text-158 reviews-018465-0004: Just graduated, just moved, not rich, and starting new job soon.

text-159 reviews-018465-0005: I never got a price quote over the phone and they take your cc info just to make the appointment because if you don't show up, they'll charge you.

text-160 reviews-018465-0006: I had this ridiculous celebrity stylist from LA named Derrick.

]]></TEXT>
<TAGS>
<FIXED id="F0" spans="1227~1236" text="from Hell"  />
<FIXED id="F2" spans="1343~1349" text="out of"  />
<FIXED id="F3" spans="1558~1572" text="over the phone"  />
<FIXED id="F4" spans="685~697" text="riddled with"  />
<SEMI_FIXED id="S1" spans="64~78" text="light fixtures"  />
<SEMI_FIXED id="S2" spans="516~529" text="fruit squares"  />
<SEMI_FIXED id="S3" spans="1004~1012" text="tried to"  />
<SEMI_FIXED id="S5" spans="1732~1749" text="celebrity stylist"  />
<SEMI_FIXED id="S0" spans="1155~1162" text="go back"  />
<FLEXIBLE id="FL0" spans="591~595,598~602" text="Took ... bite"  />
<FLEXIBLE id="FL2" spans="1650~1657" text="show up"  />
<FLEXIBLE id="FL3" spans="1540~1543,1552~1557" text="got ... quote"  />
<FLEXIBLE id="FL4" spans="1582~1586,1595~1599" text="take ... info"  />
<FLEXIBLE id="FL5" spans="650~657,669~673" text="Flipped ... over"  />
<FLEXIBLE id="FL6" spans="1091~1102" text="taking down"  />
<FLEXIBLE id="FL7" spans="1608~1612,1617~1628" text="make ... appointment"  />
</TAGS>
</MWE_Annotation_COSI140_v.1.0>