<?xml version="1.0" encoding="UTF-8" ?>

<MWE_Annotation_COSI140_v.1.0>
<TEXT><![CDATA[text-161 reviews-018465-0007: After he already put product on my hair he said "I should warn you, I'm expensive."

text-162 reviews-018465-0008: What was I supposed to do, say I can't afford you and walk out with crap all over my hair.

text-163 reviews-018465-0009: I wanted to be very blonde and instead he pulled my root color throughout my whole hair which is a gross mousey brown.

text-164 reviews-018465-0010: The other stylists around me kept pressuring me saying he's so wonderful, you're going to love your hair.

text-165 reviews-018465-0011: $400 later my jaw dropped when the receptionist told me the total.

text-166 reviews-018465-0012: Derrick did a terrible job, was a complete jerk the entire time, and I had no warning as to the price.

text-167 reviews-018465-0013: I cried the entire way home.

text-168 reviews-018465-0014: He then "fixed" it for free but it still looked like crap.

text-169 reviews-018465-0015: I will never go back.

text-170 reviews-018465-0016: It was the salon experience from absolutely Hell.

text-171 reviews-018465-0017: He also told me that he worked on the cast of will and grace and that they were all jerks.

text-172 reviews-018465-0018: That's my favorite show of all time.

text-173 reviews-018465-0019: I'm pretty sure for the cast that it was the other way around.

text-174 reviews-018465-0020: Maybe he didn't do a good job and they told him so.

text-175 reviews-018465-0021: Absolute Nightmare!

text-176 reviews-018465-0022: STAY AWAY!

text-177 reviews-018548-0001: Mezza Luna FTW!

text-178 reviews-018548-0002: their mezza luna's are deffly better than the pizza rolls.

text-179 reviews-018548-0003: its like a pizza roll, but they just toss ham and cheese inside.

text-180 reviews-018548-0004: it seems like its healthier too, but its prolly not.

]]></TEXT>
<TAGS>
<FIXED id="F0" spans="218~226" text="all over"  />
<FIXED id="F1" spans="738~743" text="as to"  />
<FIXED id="F2" spans="865~873" text="for free"  />
<FIXED id="F3" spans="1116~1130" text="will and grace"  />
<FIXED id="F4" spans="1216~1227" text="of all time"  />
<FIXED id="F6" spans="1301~1321" text="the other way around"  />
<SEMI_FIXED id="S0" spans="269~278" text="wanted to"  />
<SEMI_FIXED id="S1" spans="498~506" text="going to"  />
<SEMI_FIXED id="S2" spans="887~903" text="looked like crap"  />
<SEMI_FIXED id="S3" spans="1094~1103" text="worked on"  />
<SEMI_FIXED id="S4" spans="1530~1540" text="Mezza Luna"  />
<SEMI_FIXED id="S5" spans="1583~1593" text="mezza luna"  />
<SEMI_FIXED id="S6" spans="1623~1634" text="pizza rolls"  />
<SEMI_FIXED id="S7" spans="1678~1688" text="pizza roll"  />
<SEMI_FIXED id="S8" spans="1766~1776" text="seems like"  />
<SEMI_FIXED id="S9" spans="568~579" text="jaw dropped"  />
<SEMI_FIXED id="S10" spans="1017~1021,1033~1037" text="from ... Hell"  />
<SEMI_FIXED id="S11" spans="150~153,156~167" text="was ... supposed to"  />
<SEMI_FIXED id="S12" spans="949~956" text="go back"  />
<FLEXIBLE id="FL1" spans="1370~1372,1380~1383" text="do ... job"  />
<FLEXIBLE id="FL2" spans="660~663,675~678" text="did ... job"  />
</TAGS>
</MWE_Annotation_COSI140_v.1.0>